2024/3/12 19:51,58.9,20.1,68.18,65.1,17.3,63.14,583.6
2024/3/12 19:52,59.5,20,68,71.1,17.3,63.14,582.9
2024/3/12 19:53,58.9,20,68,76.3,17,62.6,582.43
2024/3/12 19:54,59.2,20,68,77,16.6,61.88,581.75
2024/3/12 19:56,59.5,20,68,77.9,16.2,61.16,581.29
2024/3/12 19:57,59,19.9,67.82,79.7,15.8,60.44,580.92
2024/3/12 19:58,58.7,19.9,67.82,80.6,15.6,60.08,581.87
2024/3/12 20:07,57.1,19.8,67.64,84.9,14.5,58.1,575.76
2024/3/12 20:08,56.7,19.8,67.64,84.1,14.5,58.1,575.11
2024/3/12 20:09,57.2,19.8,67.64,84,14.5,58.1,574.6
2024/3/12 20:10,57.4,19.8,67.64,84.4,14.4,57.92,574.06
2024/3/12 20:11,56.8,19.8,67.64,84.1,14.4,57.92,573.61
2024/3/12 20:12,56.7,19.8,67.64,84.4,14.5,58.1,573.01
2024/3/12 20:13,57.5,19.8,67.64,85,14.4,57.92,572.58
2024/3/12 20:14,57.6,19.7,67.46,84.9,14.4,57.92,572.11
2024/3/12 20:16,57.1,19.7,67.46,84.9,14.3,57.74,571.58
2024/3/12 20:17,56.8,19.7,67.46,85,14.3,57.74,571.32
2024/3/12 20:18,57.3,19.7,67.46,85.2,14.3,57.74,571.69
2024/3/12 20:19,56.4,19.7,67.46,84.7,14.3,57.74,571.1
2024/3/12 20:20,56.4,19.7,67.46,85.3,14.2,57.56,570.58
2024/3/12 20:21,57.2,19.7,67.46,86,14.2,57.56,570.24
2024/3/12 20:22,57.5,19.7,67.46,86.2,14.2,57.56,569.71
2024/3/12 20:23,57,19.7,67.46,85.9,14.2,57.56,569.24
2024/3/12 20:24,57.3,19.7,67.46,85.1,14.1,57.38,568.83
2024/3/12 20:25,57.4,19.6,67.28,85.1,14.1,57.38,568.41
2024/3/12 20:26,57.3,19.6,67.28,85.6,14.1,57.38,567.91
2024/3/12 20:28,57,19.6,67.28,85.4,14.1,57.38,567.59
2024/3/12 20:29,56.9,19.6,67.28,84.7,14.1,57.38,566.87
2024/3/12 20:30,56.3,19.6,67.28,84.7,14.1,57.38,566.69
2024/3/12 20:31,55.5,19.6,67.28,85,14.1,57.38,566.11
2024/3/12 20:32,55.7,19.6,67.28,85.2,14.1,57.38,565.53
2024/3/12 20:33,55.7,19.6,67.28,85,14.1,57.38,564.84
2024/3/12 21:10,59.4,19.8,67.64,90.7,15.5,59.9,501.515
2024/3/12 21:10,60,19.8,67.64,88.5,15.5,59.9,438.19
2024/3/12 21:10,60.1,19.8,67.64,88.5,15.5,59.9,437.28
2024/3/12 21:10,60.2,19.8,67.64,88.5,15.4,59.72,437.28
2024/3/12 21:10,60.3,19.8,67.64,88.3,15.4,59.72,437.11
2024/3/12 21:11,60.2,19.8,67.64,88.2,15.4,59.72,437.04
2024/3/12 21:12,60.4,19.8,67.64,87.3,15.4,59.72,489.345
2024/3/12 21:13,60.5,19.8,67.64,88.2,15.3,59.54,541.65
2024/3/12 21:14,60.3,19.8,67.64,87.9,15.1,59.18,541.24
2024/3/12 21:15,60.3,19.8,67.64,86.9,15,59,540.94
2024/3/12 21:16,60.5,19.7,67.46,86.9,15,59,540.48
2024/3/12 21:17,60.7,19.7,67.46,86.9,14.9,58.82,540.23
2024/3/12 21:18,61.2,19.7,67.46,88.5,14.9,58.82,539.61
2024/3/12 21:20,60.9,19.7,67.46,87.8,14.8,58.64,539.57
2024/3/12 21:21,61,19.7,67.46,88.2,14.8,58.64,539.28
2024/3/12 21:22,60.6,19.6,67.28,87.8,14.8,58.64,538.97
2024/3/12 21:23,60.5,19.5,67.1,86.8,14.7,58.46,538.6
2024/3/12 21:24,60.5,19.5,67.1,87.8,14.7,58.46,538.31
2024/3/12 21:25,60.4,19.5,67.1,89.7,14.7,58.46,537.67
2024/3/12 21:26,60.6,19.5,67.1,88.9,14.6,58.28,537.6
2024/3/12 21:28,60.7,19.5,67.1,88.3,14.6,58.28,536.63
2024/3/12 21:29,61.1,19.4,66.92,87.8,14.6,58.28,536.32
2024/3/12 21:30,60.8,19.4,66.92,86.3,14.6,58.28,536.18
2024/3/12 21:31,60.8,19.4,66.92,86.5,14.6,58.28,535.8
2024/3/12 21:32,61.2,19.4,66.92,86.8,14.6,58.28,534.64
2024/3/12 21:33,60.7,19.4,66.92,85.8,14.6,58.28,534.35
2024/3/12 21:35,60.5,19.4,66.92,86.7,14.6,58.28,534.12
2024/3/12 21:36,60.4,19.4,66.92,85.8,14.6,58.28,533.85
2024/3/12 21:37,60.2,19.4,66.92,85.7,14.7,58.46,533.61
2024/3/12 21:38,60.1,19.4,66.92,86,14.6,58.28,533.23
2024/3/12 21:39,60.4,19.4,66.92,85.7,14.6,58.28,532.73
2024/3/12 21:40,60.6,19.3,66.74,85.3,14.6,58.28,532.46
2024/3/12 21:41,60.9,19.3,66.74,85.5,14.6,58.28,532.23
2024/3/12 21:43,60.7,19.3,66.74,85.5,14.7,58.46,531.73
2024/3/12 21:44,60.3,19.3,66.74,85.1,14.6,58.28,531.22
2024/3/12 21:45,60.6,19.3,66.74,84.4,14.7,58.46,530.35
2024/3/12 21:46,60.4,19.3,66.74,84.1,14.7,58.46,530.31
2024/3/12 21:47,60.5,19.3,66.74,84.1,14.6,58.28,529.91
2024/3/12 21:48,60.7,19.3,66.74,84.9,14.6,58.28,529.67
2024/3/12 21:50,60.3,19.3,66.74,84.8,14.6,58.28,529.4
2024/3/12 21:51,60.6,19.3,66.74,83.9,14.6,58.28,528.83
2024/3/12 21:52,60.2,19.3,66.74,83.6,14.7,58.46,528.51
2024/3/12 21:53,60.2,19.3,66.74,85.6,14.6,58.28,528.18
2024/3/12 21:54,60.1,19.3,66.74,86,14.6,58.28,527.75
2024/3/12 21:55,60.2,19.3,66.74,85.6,14.6,58.28,526.96
2024/3/12 21:56,60.2,19.3,66.74,83.5,14.6,58.28,526.7
2024/3/12 21:58,60.2,19.2,66.56,83.5,14.7,58.46,526.44
2024/3/12 21:59,60.6,19.2,66.56,85.3,14.7,58.46,525.97
2024/3/12 22:00,61,19.2,66.56,85.5,14.7,58.46,525.61
2024/3/12 22:01,60.8,19.3,66.74,84.9,14.7,58.46,525
2024/3/12 22:02,60.9,19.3,66.74,84.3,14.8,58.64,523.9
2024/3/12 22:03,60.4,19.2,66.56,83.4,14.8,58.64,523.52
2024/3/12 22:05,60.3,19.2,66.56,82.2,14.9,58.82,523.25
2024/3/12 22:06,60.7,19.2,66.56,82.6,14.9,58.82,522.49
2024/3/12 22:07,60.4,19.2,66.56,81.2,14.9,58.82,522.21
2024/3/12 22:08,60.7,19.2,66.56,81.5,15,59,521.95
2024/3/12 22:09,60.6,19.2,66.56,80.6,15,59,521.72
2024/3/12 22:10,60.9,19.2,66.56,80.9,15,59,521.29
2024/3/12 22:11,60.9,19.2,66.56,79.7,15.1,59.18,520.89
2024/3/12 22:13,60.7,19.2,66.56,78.8,15.2,59.36,518.43
2024/3/12 22:14,60.9,19.2,66.56,78.6,15.2,59.36,518.14
2024/3/12 22:15,60.9,19.2,66.56,77.6,15.3,59.54,518.19
2024/3/12 22:16,60.9,19.2,66.56,76.9,15.3,59.54,517.7
2024/3/12 22:17,60.9,19.1,66.38,76.8,15.3,59.54,517.51
2024/3/12 22:19,60.6,19.1,66.38,76,15.4,59.72,517.06
2024/3/12 22:20,60.6,19.1,66.38,75.8,15.4,59.72,516.64
2024/3/12 22:21,60.4,19.1,66.38,75.1,15.4,59.72,516.5
2024/3/12 22:22,60.5,19.1,66.38,74.7,15.5,59.9,514.65
2024/3/12 22:23,59.9,19.1,66.38,74,15.5,59.9,514.48
2024/3/12 22:24,60.3,19.1,66.38,73.7,15.6,60.08,514.4
2024/3/12 22:26,60.8,19.1,66.38,74,15.6,60.08,514.03
2024/3/12 22:27,60.5,19.1,66.38,73.6,15.6,60.08,513.85
2024/3/12 22:28,60.6,19.1,66.38,73.7,15.6,60.08,513.4
2024/3/12 22:29,60.1,19.1,66.38,73.2,15.6,60.08,513.22
2024/3/12 22:30,60.6,19.1,66.38,73,15.6,60.08,512.94
2024/3/12 22:31,60.7,19.1,66.38,72.6,15.7,60.26,512.61
2024/3/12 22:33,60.9,19.1,66.38,73,15.8,60.44,512.23
2024/3/12 22:34,61.1,19.1,66.38,73,15.8,60.44,511.81
2024/3/12 22:35,60.9,19.2,66.56,72.4,15.8,60.44,511.67
2024/3/12 22:36,61.4,19.1,66.38,72.7,15.8,60.44,511.08
2024/3/12 22:37,61.4,19.1,66.38,72.2,15.9,60.62,510.71
2024/3/12 22:38,61,19.1,66.38,72,15.9,60.62,510.22
2024/3/12 22:39,60.8,19.1,66.38,71.8,16,60.8,509.9
2024/3/12 22:41,61,19.1,66.38,71.7,16,60.8,509.56
2024/3/12 22:42,61.1,19.1,66.38,71.3,16,60.8,509.34
2024/3/12 22:43,61.1,19.1,66.38,71.2,16,60.8,509
2024/3/12 22:44,61.3,19.1,66.38,71.1,16,60.8,508.66
2024/3/12 22:45,61.2,19.1,66.38,71,16,60.8,508.24
2024/3/12 22:46,61.5,19.1,66.38,70.6,16,60.8,507.4
2024/3/12 22:48,61.1,19.1,66.38,70.5,16,60.8,507.25
2024/3/12 22:49,61.1,19.1,66.38,70.3,16.1,60.98,506.81
2024/3/12 22:50,61.2,19.1,66.38,70,16.1,60.98,506.49
2024/3/12 22:51,61.2,19.1,66.38,69.6,16.1,60.98,506.35
2024/3/12 22:52,61.2,19.1,66.38,69.8,16.2,61.16,506.23
2024/3/12 22:53,61.4,19.1,66.38,69.5,16.2,61.16,505.45
2024/3/12 22:54,61.5,19.1,66.38,69.5,16.2,61.16,504.93
2024/3/12 22:56,61.5,19.1,66.38,69.2,16.2,61.16,504.64
2024/3/12 22:57,61.4,19.1,66.38,68.8,16.2,61.16,504.38
2024/3/12 22:58,61,19.1,66.38,68.7,16.2,61.16,503.86
2024/3/12 22:59,61.3,19.1,66.38,68.5,16.3,61.34,500.55
2024/3/12 23:00,61.1,19.1,66.38,68.6,16.3,61.34,500.63
2024/3/12 23:01,61.2,19.1,66.38,68.5,16.4,61.52,500.24
2024/3/12 23:03,60.9,19.1,66.38,68.1,16.4,61.52,500.12
2024/3/12 23:04,61,19.1,66.38,68.1,16.4,61.52,499.6
2024/3/12 23:05,61.3,19.1,66.38,68,16.4,61.52,499.03
2024/3/12 23:06,61.3,19.1,66.38,67.9,16.4,61.52,499.16
2024/3/12 23:08,61.2,19.1,66.38,67.8,16.4,61.52,498.85
2024/3/12 23:09,61.2,19.1,66.38,67.6,16.4,61.52,498.27
2024/3/12 23:11,61.1,19.1,66.38,67.4,16.4,61.52,498.15
2024/3/12 23:12,61.3,19.1,66.38,67.4,16.4,61.52,498.06
2024/3/12 23:13,61.6,19.1,66.38,67.7,16.5,61.7,497.59
2024/3/12 23:14,61.7,19.1,66.38,67.7,16.5,61.7,497.25
2024/3/12 23:15,61.6,19.1,66.38,67.6,16.5,61.7,496.9
2024/3/12 23:16,61.6,19.1,66.38,67.5,16.5,61.7,495.93
2024/3/12 23:18,61.6,19.1,66.38,67.4,16.6,61.88,495.7
2024/3/12 23:19,61.5,19.1,66.38,67.3,16.6,61.88,495.53
2024/3/12 23:20,61.6,19.1,66.38,67.3,16.6,61.88,495.53
2024/3/12 23:21,61.6,19.1,66.38,67,16.6,61.88,495.1
2024/3/12 23:22,62,19.1,66.38,66.9,16.6,61.88,494.54
2024/3/12 23:23,61.6,19,66.2,66.8,16.6,61.88,494.06
2024/3/12 23:24,61.8,19,66.2,66.7,16.6,61.88,494.05
2024/3/12 23:26,61.7,19.1,66.38,66.8,16.6,61.88,493.85
2024/3/12 23:27,62.1,19.1,66.38,66.7,16.6,61.88,493.2
2024/3/12 23:28,61.7,19.1,66.38,66.5,16.7,62.06,493.06
2024/3/12 23:29,61.4,19.1,66.38,66.4,16.7,62.06,492.85
2024/3/12 23:30,61.7,19.1,66.38,66.3,16.7,62.06,492.8
2024/3/12 23:31,61.7,19.1,66.38,66.2,16.7,62.06,492.5
2024/3/12 23:33,61.7,19.1,66.38,66.3,16.7,62.06,492.44
2024/3/12 23:34,61.7,19.1,66.38,66.1,16.7,62.06,492.01
2024/3/12 23:35,61.4,19.1,66.38,66.1,16.7,62.06,491.75
2024/3/12 23:36,61.5,19.1,66.38,65.9,16.7,62.06,491.46
2024/3/12 23:37,61.9,19.1,66.38,65.8,16.8,62.24,490.76
2024/3/12 23:38,61.7,19.1,66.38,65.7,16.8,62.24,489.73
2024/3/12 23:40,61.5,19.1,66.38,65.6,16.8,62.24,488.2
2024/3/12 23:41,61.4,19.1,66.38,65.5,16.8,62.24,488.32
2024/3/12 23:42,61,19.1,66.38,65.2,16.8,62.24,488.4
2024/3/12 23:43,61.4,19.1,66.38,65.1,16.8,62.24,488.31
2024/3/12 23:44,61.8,19.1,66.38,65.1,16.8,62.24,488.12
2024/3/12 23:45,61.7,19.1,66.38,65.2,16.9,62.42,488.11
2024/3/12 23:46,61.6,19.1,66.38,65.3,16.9,62.42,488.11
2024/3/12 23:48,61.6,19.1,66.38,65.2,16.9,62.42,487.91
2024/3/12 23:49,61.7,19.1,66.38,65.1,16.9,62.42,487.31
2024/3/12 23:50,61.8,19.1,66.38,65,16.9,62.42,487.37
2024/3/12 23:51,62,19.1,66.38,65.1,16.9,62.42,486.97
2024/3/12 23:52,62.1,19.1,66.38,65.1,16.9,62.42,486.49
2024/3/12 23:53,61.8,19.1,66.38,65,16.9,62.42,486.37
2024/3/12 23:54,61.5,19.1,66.38,65,16.9,62.42,485.94
2024/3/12 23:56,62,19.1,66.38,65,16.9,62.42,485.48
2024/3/12 23:57,61.9,19.1,66.38,65,16.9,62.42,485.31
2024/3/12 23:58,62,19.1,66.38,65.1,16.9,62.42,485.1
2024/3/12 23:59,61.6,19.1,66.38,65.1,16.9,62.42,484.76
2024/3/13 00:00,61.7,19.1,66.38,65,16.9,62.42,484.49
2024/3/13 00:01,62.3,19.1,66.38,65.1,16.9,62.42,484.14
2024/3/13 00:02,62.3,19.1,66.38,65.1,16.9,62.42,484.04
2024/3/13 00:04,62.2,19.1,66.38,65,16.9,62.42,483.87
2024/3/13 00:05,62.1,19.1,66.38,65,17,62.6,483.69
2024/3/13 00:06,61.8,19.1,66.38,65,17,62.6,483.35
2024/3/13 00:07,62.2,19.1,66.38,65,16.9,62.42,483.18
2024/3/13 00:08,62.2,19.1,66.38,65.1,17,62.6,483.02
2024/3/13 00:09,62.6,19.1,66.38,65.2,17,62.6,480.56
2024/3/13 00:11,62.7,19.1,66.38,65.3,17,62.6,480.56
2024/3/13 00:12,63,19.2,66.56,65.4,17,62.6,480.09
2024/3/13 00:13,62.6,19.2,66.56,65.5,17,62.6,480.06
2024/3/13 00:14,62.8,19.2,66.56,65.6,17,62.6,480.09
2024/3/13 00:15,62.7,19.2,66.56,65.6,17,62.6,476.65
2024/3/13 00:16,62.7,19.2,66.56,65.7,17,62.6,476.58
2024/3/13 00:18,62.8,19.2,66.56,65.7,17,62.6,476.55
2024/3/13 00:19,62.7,19.2,66.56,65.7,17,62.6,476.3
2024/3/13 00:20,62.8,19.2,66.56,65.7,17,62.6,476.05
2024/3/13 00:21,63.2,19.2,66.56,65.9,17,62.6,475.8
2024/3/13 00:22,63.1,19.2,66.56,66,17,62.6,475.83
2024/3/13 00:23,63.1,19.2,66.56,66.1,17,62.6,475.58
2024/3/13 00:25,63.4,19.2,66.56,66.1,17.1,62.78,475.47
2024/3/13 00:26,63.3,19.2,66.56,66.1,17.1,62.78,475.4
2024/3/13 00:27,63.3,19.2,66.56,66.1,17.1,62.78,475.16
2024/3/13 00:28,63.3,19.2,66.56,66.2,17.1,62.78,475.08
2024/3/13 00:29,63.5,19.2,66.56,66.2,17.1,62.78,474.89
2024/3/13 00:30,63.7,19.2,66.56,66.2,17.1,62.78,474.98
2024/3/13 00:32,63.6,19.2,66.56,66.2,17.1,62.78,474.69
2024/3/13 00:33,63.5,19.2,66.56,66.3,17.1,62.78,474.4
2024/3/13 00:34,63.6,19.2,66.56,66.4,17.1,62.78,474.15
2024/3/13 00:35,63.7,19.2,66.56,66.6,17.1,62.78,474.04
2024/3/13 00:36,63.8,19.2,66.56,66.6,17.1,62.78,473.97
2024/3/13 00:37,63.9,19.2,66.56,66.6,17.1,62.78,473.74
2024/3/13 00:38,63.5,19.1,66.38,66.4,17.2,62.96,473.48
2024/3/13 00:40,63.5,19.1,66.38,66.2,17.2,62.96,473.47
2024/3/13 00:41,63,19.1,66.38,66.2,17.2,62.96,473.25
2024/3/13 00:42,63.2,19.1,66.38,66.3,17.2,62.96,473.2
2024/3/13 00:43,63.5,19.1,66.38,66.4,17.2,62.96,472.84
2024/3/13 00:44,63.6,19.1,66.38,66.4,17.2,62.96,472.28
2024/3/13 00:45,63.6,19.2,66.56,66.3,17.2,62.96,471.99
2024/3/13 00:47,63.6,19.2,66.56,66.4,17.2,62.96,472.21
2024/3/13 00:48,63.7,19.2,66.56,66.3,17.2,62.96,471.94
2024/3/13 00:49,63.8,19.2,66.56,66.4,17.2,62.96,472.2
2024/3/13 00:50,64,19.2,66.56,66.2,17.2,62.96,471.27
2024/3/13 00:51,63.6,19.2,66.56,66.2,17.2,62.96,471.24
2024/3/13 00:52,63.4,19.1,66.38,66.1,17.2,62.96,470.95
2024/3/13 00:53,63.7,19.1,66.38,66.2,17.2,62.96,471.02
2024/3/13 00:55,64.1,19.2,66.56,66.2,17.2,62.96,470.62
2024/3/13 00:56,64.1,19.1,66.38,66.4,17.2,62.96,470.5
2024/3/13 00:57,64.1,19.1,66.38,66.5,17.2,62.96,470.04
2024/3/13 00:58,63.9,19.1,66.38,66.5,17.2,62.96,469.94
2024/3/13 00:59,64,19.1,66.38,66.5,17.2,62.96,470
2024/3/13 01:00,64.1,19.1,66.38,66.4,17.2,62.96,469.49
2024/3/13 01:02,63.9,19.1,66.38,66.5,17.2,62.96,469.55
2024/3/13 01:03,63.6,19.1,66.38,66.2,17.2,62.96,469.2
2024/3/13 01:05,63,19.1,66.38,66,17.2,62.96,467.88
2024/3/13 01:06,62.7,19.1,66.38,66.1,17.2,62.96,467.91
2024/3/13 01:07,63.1,19.1,66.38,65.8,17.2,62.96,467.86
2024/3/13 01:09,63.3,19.1,66.38,66.1,17.2,62.96,467.85
2024/3/13 01:10,63.3,19.1,66.38,65.9,17.2,62.96,467.78
2024/3/13 01:11,63.5,19.1,66.38,66,17.2,62.96,467.6
2024/3/13 01:12,63.6,19.1,66.38,66.1,17.2,62.96,467.59
2024/3/13 01:13,62.8,19.1,66.38,66.1,17.2,62.96,467.17
2024/3/13 01:14,63.1,19.1,66.38,66,17.2,62.96,466.85
2024/3/13 01:16,63.4,19.1,66.38,65.9,17.2,62.96,466.79
2024/3/13 01:17,63.2,19.1,66.38,65.6,17.2,62.96,466.03
2024/3/13 01:18,62.9,19.1,66.38,65.4,17.2,62.96,466.05
2024/3/13 01:19,63.2,19.1,66.38,65.4,17.2,62.96,465.76
2024/3/13 01:20,63.4,19.1,66.38,65.6,17.2,62.96,465.95
2024/3/13 01:22,63.4,19.1,66.38,65.5,17.2,62.96,465.93
2024/3/13 01:23,63.3,19.1,66.38,65.6,17.2,62.96,465.65
2024/3/13 01:24,63.2,19.1,66.38,65.5,17.2,62.96,465.77
2024/3/13 01:25,63.1,19.1,66.38,65.5,17.3,63.14,460.87
2024/3/13 01:26,63.9,19.1,66.38,65.5,17.2,62.96,460.69
2024/3/13 01:27,63.8,19.1,66.38,65.7,17.2,62.96,460.72
2024/3/13 01:28,63.6,19.1,66.38,65.8,17.3,63.14,460.61
2024/3/13 01:30,63.8,19,66.2,65.9,17.2,62.96,460.56
2024/3/13 01:31,63.9,19,66.2,65.8,17.2,62.96,460.59
2024/3/13 01:32,64.2,18.9,66.02,65.7,17.3,63.14,460.23
2024/3/13 01:33,64.2,18.9,66.02,65.6,17.3,63.14,460.36
2024/3/13 01:34,64.3,18.9,66.02,65.8,17.2,62.96,460.31
2024/3/13 01:36,64.4,18.9,66.02,65.8,17.2,62.96,460.24
2024/3/13 01:37,64.3,18.9,66.02,65.8,17.2,62.96,460.22
2024/3/13 01:38,64.5,18.9,66.02,65.9,17.2,62.96,460.04
2024/3/13 01:39,64.6,18.8,65.84,65.9,17.2,62.96,459.94
2024/3/13 01:40,64.6,18.8,65.84,66.1,17.2,62.96,459.88
2024/3/13 01:41,64.4,18.8,65.84,66.1,17.2,62.96,459.6
2024/3/13 01:43,64.6,18.8,65.84,66.1,17.2,62.96,459.72
2024/3/13 01:44,64.7,18.8,65.84,66.1,17.2,62.96,459.43
2024/3/13 01:45,64.8,18.8,65.84,66,17.2,62.96,459.36
2024/3/13 01:46,64.5,18.8,65.84,66.1,17.2,62.96,459.23
2024/3/13 01:47,64.6,18.7,65.66,66,17.2,62.96,459.11
2024/3/13 01:48,64.9,18.7,65.66,66.1,17.2,62.96,458.96
2024/3/13 01:50,65.1,18.7,65.66,66.2,17.2,62.96,458.88
2024/3/13 01:51,65,18.7,65.66,66.2,17.2,62.96,458.84
2024/3/13 01:52,64.9,18.7,65.66,66,17.2,62.96,458.66
2024/3/13 01:54,64.9,18.7,65.66,66.1,17.2,62.96,458.54
2024/3/13 01:55,65.1,18.7,65.66,66.1,17.2,62.96,458.37
2024/3/13 01:57,65.1,18.6,65.48,66.1,17.2,62.96,458.22
2024/3/13 01:58,65.3,18.7,65.66,66.2,17.2,62.96,458.12
2024/3/13 01:59,65.4,18.6,65.48,66.2,17.2,62.96,458.06
2024/3/13 02:00,65.4,18.6,65.48,66,17.2,62.96,457.94
2024/3/13 02:01,65.5,18.6,65.48,66.2,17.2,62.96,457.9
2024/3/13 02:02,65.7,18.6,65.48,66.2,17.2,62.96,457.58
2024/3/13 02:03,65.6,18.6,65.48,66.1,17.1,62.78,457.37
2024/3/13 02:05,65.8,18.6,65.48,66.3,17.1,62.78,457.45
2024/3/13 02:06,65.9,18.6,65.48,66.2,17.2,62.96,457.27
2024/3/13 02:07,65.8,18.6,65.48,66.1,17.2,62.96,457.02
2024/3/13 02:08,65.7,18.6,65.48,66.2,17.1,62.78,457.14
2024/3/13 02:09,65.8,18.6,65.48,66.2,17.1,62.78,456.97
2024/3/13 02:10,65.8,18.5,65.3,66.3,17.1,62.78,456.65
2024/3/13 02:12,65.8,18.6,65.48,66.3,17.1,62.78,456.55
2024/3/13 02:13,65.8,18.5,65.3,66.3,17.2,62.96,456.38
2024/3/13 02:14,65.6,18.5,65.3,66.2,17.2,62.96,456.35
2024/3/13 02:15,65.1,18.5,65.3,66,17.1,62.78,456.19
2024/3/13 02:16,64.9,18.5,65.3,66.1,17.1,62.78,455.92
2024/3/13 02:17,63.7,18.5,65.3,65.9,17.1,62.78,455.85
2024/3/13 02:18,59.7,18.4,65.12,65.8,17,62.6,455.64
2024/3/13 02:20,59.8,18.4,65.12,66,17.1,62.78,455.55
2024/3/13 02:21,60.9,18.4,65.12,65.5,17.1,62.78,455.36
2024/3/13 02:22,60.9,18.4,65.12,65.4,17,62.6,455.43
2024/3/13 02:23,62.1,18.4,65.12,65.2,17,62.6,455.29
2024/3/13 02:24,61.6,18.4,65.12,63.6,17,62.6,455.08
2024/3/13 02:25,58.4,18.4,65.12,62.8,17,62.6,454.91
2024/3/13 02:27,54.4,18.3,64.94,62.5,17,62.6,454.44
2024/3/13 02:28,52.8,18.3,64.94,63.5,17,62.6,454.54
2024/3/13 02:29,50.2,18.3,64.94,61.9,17,62.6,454.29
2024/3/13 02:30,48.8,18.3,64.94,61.3,16.9,62.42,454.01
2024/3/13 02:31,45.8,18.3,64.94,61.2,16.9,62.42,454.03
2024/3/13 02:32,43.8,18.2,64.76,60.2,16.9,62.42,454.15
2024/3/13 02:34,41.7,18.2,64.76,60.4,16.9,62.42,453.95
2024/3/13 02:35,41.1,18.2,64.76,60.1,16.9,62.42,453.9
2024/3/13 02:36,40.7,18.3,64.94,58.3,16.8,62.24,453.76
2024/3/13 02:37,42.1,18.3,64.94,56.7,16.8,62.24,453.24
2024/3/13 02:38,38.1,18.2,64.76,57,16.8,62.24,453.21
2024/3/13 02:39,38.3,18.2,64.76,56,16.8,62.24,453.06
2024/3/13 02:41,37.1,18.2,64.76,55.7,16.7,62.06,453.26
2024/3/13 02:42,37.4,18.2,64.76,55.5,16.7,62.06,453.11
2024/3/13 02:43,37.6,18.2,64.76,54.8,16.7,62.06,452.88
2024/3/13 02:44,37.1,18.3,64.94,54.3,16.7,62.06,452.55
2024/3/13 02:45,36.6,18.2,64.76,54,16.6,61.88,452.44
2024/3/13 02:46,36.2,18.2,64.76,53.6,16.6,61.88,452.43
2024/3/13 02:47,41.9,18.2,64.76,53.3,16.6,61.88,451.95
2024/3/13 02:49,38.2,18.2,64.76,52.6,16.6,61.88,451.68
2024/3/13 02:50,36.1,18.2,64.76,51.7,16.6,61.88,450.61
2024/3/13 02:51,36.7,18.2,64.76,50.6,16.6,61.88,450.96
2024/3/13 02:52,37,18.2,64.76,50.7,16.6,61.88,450.56
2024/3/13 02:53,36.4,18.2,64.76,50.5,16.6,61.88,450.2
2024/3/13 02:55,36.9,18.2,64.76,50.4,16.6,61.88,448.86
2024/3/13 02:57,34.3,18.2,64.76,49.2,16.6,61.88,449.45
2024/3/13 02:58,35.8,18.2,64.76,48,16.6,61.88,448.96
2024/3/13 02:59,35.6,18.2,64.76,47,16.6,61.88,448.95
2024/3/13 03:00,33.3,18.2,64.76,47.3,16.6,61.88,448.96
2024/3/13 03:02,33.1,18.2,64.76,47.8,16.6,61.88,449.04
2024/3/13 03:03,33.7,18.2,64.76,47.7,16.6,61.88,448.36
2024/3/13 03:04,32.6,18.2,64.76,47.3,16.6,61.88,448.38
2024/3/13 03:05,32.3,18.2,64.76,46.5,16.6,61.88,448.45
2024/3/13 03:06,31.4,18.2,64.76,46.4,16.6,61.88,448.34
2024/3/13 03:07,31.8,18.2,64.76,46.2,16.6,61.88,448.16
2024/3/13 03:08,31.8,18.2,64.76,44.8,16.7,62.06,448.03
2024/3/13 03:10,32.2,18.2,64.76,44.5,16.6,61.88,447.97
2024/3/13 03:11,33.1,18.2,64.76,44.6,16.6,61.88,447.75
2024/3/13 03:12,32.8,18.2,64.76,44.5,16.6,61.88,447.51
2024/3/13 03:13,33.6,18.2,64.76,44.3,16.6,61.88,447.34
2024/3/13 03:14,33.4,18.2,64.76,44,16.6,61.88,447.54
2024/3/13 03:15,33,18.2,64.76,43.9,16.7,62.06,447.42
2024/3/13 03:17,32.2,18.2,64.76,43.6,16.7,62.06,447.07
2024/3/13 03:18,31.9,18.1,64.58,43.9,16.7,62.06,447.38
2024/3/13 03:19,32.1,18.1,64.58,43,16.7,62.06,447.2
2024/3/13 03:20,32.6,18.1,64.58,42.3,16.7,62.06,447.2
2024/3/13 03:21,31.3,18.2,64.76,42.7,16.7,62.06,446.87
2024/3/13 03:22,30,18.1,64.58,43,16.7,62.06,446.95
2024/3/13 03:23,31,18.1,64.58,43,16.8,62.24,447.24
2024/3/13 03:25,31,18.1,64.58,42.9,16.8,62.24,446.82
2024/3/13 03:26,31.7,18.1,64.58,42.5,16.8,62.24,447
2024/3/13 03:27,32,18.1,64.58,42.5,16.8,62.24,446.88
2024/3/13 03:28,32.4,18.1,64.58,42.3,16.8,62.24,446.3
2024/3/13 03:29,29.6,18.1,64.58,42.5,16.8,62.24,446.33
2024/3/13 03:30,30.3,18.1,64.58,41.5,16.8,62.24,446.3
2024/3/13 03:32,30.6,18.1,64.58,42.1,16.8,62.24,445.82
2024/3/13 03:33,30.7,18.1,64.58,42,16.8,62.24,445.92
2024/3/13 03:34,31.5,18.1,64.58,41.8,16.8,62.24,445.6
2024/3/13 03:35,31.4,18.1,64.58,41.7,16.8,62.24,445.52
2024/3/13 03:36,30.5,18.1,64.58,41.8,16.8,62.24,444.11
2024/3/13 03:37,32.3,18.1,64.58,41.7,16.8,62.24,444.24
2024/3/13 03:39,31,18.1,64.58,42,16.9,62.42,443.92
2024/3/13 03:40,30.7,18.1,64.58,42.1,16.9,62.42,442.51
2024/3/13 03:41,31.2,18.1,64.58,42.6,16.9,62.42,442.96
2024/3/13 03:42,30.5,18.2,64.76,41.6,16.9,62.42,442.06
2024/3/13 03:43,30.8,18.2,64.76,40.9,16.9,62.42,442.27
2024/3/13 03:44,30.3,18.2,64.76,41.1,16.9,62.42,441.67
2024/3/13 03:45,31,18.2,64.76,40.6,16.9,62.42,441.37
2024/3/13 03:47,32.2,18.2,64.76,40.7,16.9,62.42,441.42
2024/3/13 03:48,31.4,18.2,64.76,40.9,16.9,62.42,441.61
2024/3/13 03:49,33.5,18.2,64.76,40.8,16.9,62.42,441.62
2024/3/13 03:50,32,18.2,64.76,40.7,16.9,62.42,441.83
2024/3/13 03:51,31.9,18.2,64.76,40.6,17,62.6,441.91
2024/3/13 03:52,31.2,18.2,64.76,40.6,17,62.6,441.68
2024/3/13 03:54,31.7,18.2,64.76,40.3,17,62.6,441.65
2024/3/13 03:55,30.9,18.2,64.76,40.7,17,62.6,441.78
2024/3/13 03:56,30.4,18.2,64.76,40.6,17,62.6,440.99
2024/3/13 03:57,30.4,18.2,64.76,40.7,17,62.6,441.06
2024/3/13 03:58,30.7,18.2,64.76,40.8,17,62.6,441.39
2024/3/13 03:59,31.4,18.2,64.76,41,17,62.6,441.24
2024/3/13 04:01,31,18.2,64.76,41.1,17,62.6,439.3
2024/3/13 04:02,31,18.2,64.76,41,17,62.6,439.33
2024/3/13 04:03,30.9,18.2,64.76,41.4,17,62.6,439.32
2024/3/13 04:04,31.2,18.2,64.76,41.5,17.1,62.78,439.41
2024/3/13 04:05,32.7,18.2,64.76,41.6,17.1,62.78,439.48
2024/3/13 04:06,31.8,18.2,64.76,41.7,17.1,62.78,439.38
2024/3/13 04:08,31.3,18.2,64.76,41.6,17.1,62.78,439.35
2024/3/13 04:09,32.2,18.2,64.76,41.5,17.1,62.78,439.04
2024/3/13 04:10,31.3,18.2,64.76,41.7,17.1,62.78,439.27
2024/3/13 04:11,32.2,18.2,64.76,41.8,17.2,62.96,439.15
2024/3/13 04:12,31.9,18.2,64.76,42,17.2,62.96,439.36
2024/3/13 04:13,31.1,18.2,64.76,42.2,17.2,62.96,439.35
2024/3/13 04:15,31.2,18.2,64.76,42.2,17.2,62.96,439.29
2024/3/13 04:16,31.1,18.2,64.76,42.7,17.2,62.96,439.17
2024/3/13 04:17,31.9,18.2,64.76,42.4,17.2,62.96,439.15
2024/3/13 04:18,33,18.2,64.76,42.3,17.2,62.96,439.24
2024/3/13 04:19,34.5,18.2,64.76,40.9,17.2,62.96,439.27
2024/3/13 04:20,32.9,18.2,64.76,41,17.1,62.78,439.13
2024/3/13 04:22,32.5,18.2,64.76,41.4,17.1,62.78,439.14
2024/3/13 04:23,33.9,18.2,64.76,41.7,17.1,62.78,439.05
2024/3/13 04:24,32.5,18.1,64.58,41.9,17.1,62.78,439.17
2024/3/13 04:25,32.9,18.1,64.58,42.1,17.2,62.96,439.2
2024/3/13 04:26,32.8,18.1,64.58,42.3,17.2,62.96,439.14
2024/3/13 04:27,32.3,18.1,64.58,42.1,17.2,62.96,439.26
2024/3/13 04:28,31.7,18.1,64.58,42.1,17.2,62.96,439.19
2024/3/13 04:30,32.7,18.1,64.58,41.6,17.1,62.78,439.34
2024/3/13 04:31,33.2,18.1,64.58,40.5,17.1,62.78,439.08
2024/3/13 04:32,33.6,18.1,64.58,40.5,17.1,62.78,439.13
2024/3/13 04:33,33.1,18.1,64.58,40.2,17,62.6,438.9
2024/3/13 04:34,33.3,18.1,64.58,40.1,17,62.6,438.88
2024/3/13 04:36,34.6,18.1,64.58,39.8,17,62.6,439.27
2024/3/13 04:37,35.5,18,64.4,39.4,17,62.6,439.06
2024/3/13 04:38,36.2,18.1,64.58,39.1,17,62.6,439.32
2024/3/13 04:39,35.8,18,64.4,38.9,17,62.6,439.33
2024/3/13 04:40,34.7,18,64.4,39.5,17,62.6,439.24
2024/3/13 04:41,34.1,18,64.4,40,17,62.6,439.18
2024/3/13 04:42,34.4,18,64.4,40.2,17,62.6,439.16
2024/3/13 04:44,34.2,18,64.4,40.2,17.1,62.78,439.4
2024/3/13 04:45,34.3,18,64.4,40.5,17.1,62.78,439.48
2024/3/13 04:46,35.2,18,64.4,40.3,17.2,62.96,439.42
2024/3/13 04:47,34.4,18,64.4,40.6,17.2,62.96,439.42
2024/3/13 04:48,33.7,18,64.4,40.9,17.2,62.96,439.33
2024/3/13 04:49,34.1,18,64.4,40.5,17.2,62.96,439.4
2024/3/13 04:51,33.9,17.9,64.22,40.9,17.2,62.96,439.37
2024/3/13 04:52,35.5,17.9,64.22,40.8,17.2,62.96,439.47
2024/3/13 04:54,36,17.9,64.22,40.5,17.2,62.96,439.48
2024/3/13 04:55,34.5,17.9,64.22,40.7,17.2,62.96,439.38
2024/3/13 04:56,34.6,17.9,64.22,40.9,17.2,62.96,438.98
2024/3/13 04:58,34.5,17.9,64.22,41.1,17.2,62.96,438.69
2024/3/13 04:59,34.1,17.9,64.22,41.5,17.2,62.96,438.48
2024/3/13 05:00,36.6,17.9,64.22,41.5,17.2,62.96,438.43
2024/3/13 05:01,36.9,18,64.4,41.7,17.2,62.96,80.69
2024/3/13 05:02,36.6,18,64.4,41.5,17.2,62.96,32.4
2024/3/13 05:03,36.2,17.9,64.22,42.5,17.3,63.14,32.38
2024/3/13 05:04,36.1,17.9,64.22,42,17.3,63.14,32.46
2024/3/13 05:06,35.4,17.9,64.22,43.1,17.2,62.96,32.66
2024/3/13 05:07,36.1,17.9,64.22,41.2,17.2,62.96,32.56
2024/3/13 05:08,38.3,17.9,64.22,42.4,17.2,62.96,32.39
2024/3/13 05:09,38.9,17.9,64.22,42.3,17.2,62.96,32.37
2024/3/13 05:10,39.3,18,64.4,40.1,17.2,62.96,32.41
2024/3/13 05:11,37.5,17.9,64.22,42.7,17.1,62.78,32.54
2024/3/13 05:12,37.8,17.9,64.22,40.8,17.1,62.78,32.42
2024/3/13 05:14,38.5,17.9,64.22,39.8,17.1,62.78,32.62
2024/3/13 05:15,36.7,17.9,64.22,43.1,17.1,62.78,32.53
2024/3/13 05:16,37.5,17.9,64.22,42.3,17,62.6,32.53
2024/3/13 05:17,39.6,17.9,64.22,40.1,17,62.6,32.51
2024/3/13 05:18,40.6,17.9,64.22,40.9,17,62.6,32.69
2024/3/13 05:19,40.1,17.9,64.22,41,17,62.6,32.56
2024/3/13 05:20,38.1,17.9,64.22,41.7,17,62.6,32.62
2024/3/13 05:22,36.6,17.9,64.22,41.2,17,62.6,32.65
2024/3/13 05:23,37.5,17.8,64.04,41.5,17,62.6,32.69
2024/3/13 05:24,38.7,17.8,64.04,43,17,62.6,32.51
2024/3/13 05:25,36.5,17.8,64.04,41.9,17,62.6,32.41
2024/3/13 05:26,36.9,17.8,64.04,42.2,17.1,62.78,32.66
2024/3/13 05:27,36.2,17.8,64.04,41.9,17,62.6,32.66
2024/3/13 05:29,36.3,17.8,64.04,43.3,17.1,62.78,32.6
2024/3/13 05:30,36.6,17.8,64.04,42.6,17,62.6,32.53
2024/3/13 05:31,36.2,17.8,64.04,42.2,17.1,62.78,32.69
2024/3/13 05:32,36,17.7,63.86,43,17.1,62.78,32.58
2024/3/13 05:33,36.2,17.7,63.86,43.7,17.1,62.78,32.51
2024/3/13 05:34,36.1,17.7,63.86,43,17.1,62.78,32.3
2024/3/13 05:35,38.3,17.7,63.86,42,17,62.6,32.44
2024/3/13 05:37,38.7,17.7,63.86,41.1,17,62.6,32.48
2024/3/13 05:38,38.3,17.7,63.86,42.6,17,62.6,32.7
2024/3/13 05:39,38.7,17.7,63.86,42.6,17,62.6,32.27
2024/3/13 05:40,38.3,17.7,63.86,42.7,17,62.6,32.54
2024/3/13 05:41,38.5,17.7,63.86,41.8,17,62.6,32.38
2024/3/13 05:42,38,17.7,63.86,41.8,17,62.6,32.48
2024/3/13 05:44,38.4,17.7,63.86,42.2,17,62.6,32.4
2024/3/13 05:45,37.7,17.7,63.86,42.3,17,62.6,32.32
2024/3/13 05:46,36.6,17.6,63.68,42.3,17,62.6,32.04
2024/3/13 05:47,36.6,17.6,63.68,42.4,17,62.6,32.15
2024/3/13 05:48,38.3,17.7,63.86,41.7,17,62.6,32.37
2024/3/13 05:49,39.2,17.7,63.86,41.2,17,62.6,32.35
2024/3/13 05:51,39.1,17.7,63.86,41.2,17,62.6,32.35
2024/3/13 05:52,40.7,17.7,63.86,41.6,17,62.6,32.3
2024/3/13 05:53,40.7,17.7,63.86,41.8,17,62.6,32.47
2024/3/13 05:54,42.1,17.7,63.86,42.1,17,62.6,32.5
2024/3/13 05:55,41.8,17.7,63.86,41.5,17,62.6,32.44
2024/3/13 05:56,41.3,17.7,63.86,40.8,16.9,62.42,32.51
2024/3/13 05:57,41.8,17.7,63.86,42.4,16.9,62.42,32.63
2024/3/13 05:59,42.9,17.7,63.86,42.9,16.9,62.42,32.39
2024/3/13 06:00,42.8,17.7,63.86,41.8,16.9,62.42,32.27
2024/3/13 06:01,42.4,17.7,63.86,41.9,16.9,62.42,32.41
2024/3/13 06:02,40.8,17.7,63.86,42.3,16.8,62.24,32.405
2024/3/13 06:03,41.2,17.6,63.68,43.5,16.8,62.24,32.4
2024/3/13 06:04,40.9,17.6,63.68,43.2,16.9,62.42,32.33
2024/3/13 06:06,40.8,17.6,63.68,43.8,16.8,62.24,32.23
2024/3/13 06:07,41.2,17.6,63.68,43.2,16.9,62.42,32.2
2024/3/13 06:08,40.6,17.6,63.68,44,16.9,62.42,32.23
2024/3/13 06:09,39.8,17.5,63.5,44.2,16.9,62.42,32.28
2024/3/13 06:10,39.9,17.5,63.5,43.2,16.9,62.42,32.32
2024/3/13 06:11,39.7,17.4,63.32,42.9,16.9,62.42,31.94
2024/3/13 06:13,40.3,17.4,63.32,43.1,16.9,62.42,32.12
2024/3/13 06:14,40.1,17.5,63.5,43.9,16.9,62.42,32.06
2024/3/13 06:16,41.3,17.4,63.32,42.7,16.9,62.42,31.92
2024/3/13 06:17,40.9,17.4,63.32,42.3,16.9,62.42,32.11
2024/3/13 06:18,40,17.4,63.32,42.4,16.9,62.42,32.11
2024/3/13 06:19,41.1,17.4,63.32,42.5,16.8,62.24,32.23
2024/3/13 06:21,41.4,17.4,63.32,43.1,16.9,62.42,32.17
2024/3/13 06:22,41.9,17.4,63.32,42.9,16.8,62.24,32.33
2024/3/13 06:23,41.9,17.4,63.32,43.1,16.8,62.24,32
2024/3/13 06:24,43.1,17.5,63.5,43,16.8,62.24,32.35
2024/3/13 06:25,42.9,17.5,63.5,43.3,16.7,62.06,32.09
2024/3/13 06:26,41.9,17.4,63.32,43.1,16.7,62.06,32.24
2024/3/13 06:28,41.9,17.4,63.32,44,16.7,62.06,32.48
2024/3/13 06:29,42.5,17.4,63.32,43.5,16.7,62.06,32.47
2024/3/13 06:30,42,17.3,63.14,44.7,16.7,62.06,32.35
2024/3/13 06:31,42.2,17.3,63.14,44.3,16.7,62.06,32.37
2024/3/13 06:32,42.5,17.3,63.14,44.9,16.8,62.24,32.38
2024/3/13 06:33,42.8,17.3,63.14,45,16.8,62.24,32.38
2024/3/13 06:35,43,17.3,63.14,45,16.8,62.24,32.24
2024/3/13 06:36,43.5,17.3,63.14,44.3,16.8,62.24,32.21
2024/3/13 06:37,43.3,17.3,63.14,44.4,16.8,62.24,32.39
2024/3/13 06:38,43.8,17.3,63.14,44.3,16.7,62.06,32.33
2024/3/13 06:39,43.5,17.3,63.14,44.6,16.7,62.06,32.54
2024/3/13 06:40,43.8,17.3,63.14,45,16.7,62.06,32.44
2024/3/13 06:41,43.9,17.3,63.14,44.7,16.7,62.06,32.39
2024/3/13 06:43,44,17.3,63.14,45.1,16.7,62.06,32.52
2024/3/13 06:44,43.9,17.3,63.14,45,16.7,62.06,32.4
2024/3/13 06:45,44,17.2,62.96,45.3,16.7,62.06,32.19
2024/3/13 06:46,44.4,17.2,62.96,45.2,16.8,62.24,32.52
2024/3/13 06:47,44.5,17.2,62.96,45.3,16.8,62.24,32.31
2024/3/13 06:48,44.8,17.2,62.96,45.4,16.8,62.24,32.35
2024/3/13 06:50,44.8,17.1,62.78,45.4,16.8,62.24,32.28
2024/3/13 06:51,45.1,17.1,62.78,45.4,16.8,62.24,32.15
2024/3/13 06:52,45.1,17.1,62.78,45.7,16.8,62.24,32.09
2024/3/13 06:53,45.4,17.2,62.96,45.5,16.8,62.24,32.3
2024/3/13 06:54,45.7,17.2,62.96,45.8,16.8,62.24,32.13
2024/3/13 06:55,46,17.1,62.78,45.9,16.8,62.24,32.03
2024/3/13 06:56,46.3,17.1,62.78,46,16.9,62.42,32.26
2024/3/13 06:58,46.7,17.2,62.96,46,16.9,62.42,32.12
2024/3/13 06:59,47.1,17.2,62.96,46.4,16.9,62.42,32.03
2024/3/13 07:00,47.2,17.2,62.96,46.5,16.9,62.42,32.25
2024/3/13 07:01,47.1,17.2,62.96,46.7,16.9,62.42,32.09
2024/3/13 07:02,47.6,17.2,62.96,46.8,16.9,62.42,32.23
2024/3/13 07:03,48,17.2,62.96,46.9,16.9,62.42,32.17
2024/3/13 07:04,48.4,17.2,62.96,47.2,16.9,62.42,32.08
2024/3/13 07:06,48.8,17.1,62.78,47.3,16.9,62.42,32.05
2024/3/13 07:07,49.2,17.2,62.96,48,16.9,62.42,31.59
2024/3/13 07:08,49.4,17.2,62.96,48.2,16.9,62.42,32.15
2024/3/13 07:09,49.5,17.2,62.96,48.9,16.8,62.24,31.84
2024/3/13 07:10,49.9,17.2,62.96,48.9,16.8,62.24,32.12
2024/3/13 07:11,49.9,17.2,62.96,49.1,16.8,62.24,31.86
2024/3/13 07:12,50.1,17.2,62.96,49.3,16.8,62.24,31.79
2024/3/13 07:14,50.4,17.1,62.78,49.1,16.8,62.24,32.18
2024/3/13 07:15,50.8,17.1,62.78,49.2,16.8,62.24,31.91
2024/3/13 07:16,50.9,17.1,62.78,49.5,16.8,62.24,31.9
