2024/3/21 11:35,53.7,19.1,66.38,56.2,18.5,65.3,416.91
2024/3/21 11:37,53.9,19.2,66.56,75.5,18.4,65.12,416.35
2024/3/21 11:38,53.4,19.5,67.1,73.3,18.1,64.58,415.85
2024/3/21 11:39,52.7,19.7,67.46,73.5,17.6,63.68,415.23
2024/3/21 11:40,52.1,19.9,67.82,74.8,17.1,62.78,414.87
2024/3/21 11:41,51.7,20,68,75.3,16.7,62.06,414.19
2024/3/21 11:42,51.5,20.1,68.18,76.5,16.3,61.34,413.55
2024/3/21 11:43,51.4,20.1,68.18,77.9,16,60.8,412.87
2024/3/21 11:45,51.3,20.2,68.36,79.1,15.8,60.44,412.36
2024/3/21 11:46,51.3,20.2,68.36,79.8,15.7,60.26,411.66
2024/3/21 11:47,51.2,20.3,68.54,80.5,15.6,60.08,411.15
2024/3/21 11:48,51.2,20.2,68.36,81.6,15.5,59.9,410.75
2024/3/21 11:49,51.3,20.2,68.36,82.3,15.4,59.72,410.15
2024/3/21 11:50,51.4,20.2,68.36,82.8,15.4,59.72,409.56
2024/3/21 11:51,51.3,20.2,68.36,83,15.3,59.54,409.08
2024/3/21 11:53,51.5,20.2,68.36,84.2,15.3,59.54,408.38
2024/3/21 11:54,51.6,20.2,68.36,84,15.2,59.36,407.88
2024/3/21 11:55,51.5,20.2,68.36,83.8,15.2,59.36,407.29
2024/3/21 11:56,51.5,20.1,68.18,83.5,15.3,59.54,406.62
2024/3/21 11:57,51.6,20.2,68.36,84.1,15.3,59.54,406.13
2024/3/21 11:58,51.5,20.1,68.18,83.8,15.3,59.54,405.58
2024/3/21 11:59,51.4,20.1,68.18,84.2,15.2,59.36,405.13
2024/3/21 12:00,51.5,20.1,68.18,84.1,15.3,59.54,404.54
2024/3/21 12:02,51.5,20.1,68.18,84.3,15.2,59.36,403.99
2024/3/21 12:03,51.4,20.1,68.18,84.3,15.2,59.36,403.4
2024/3/21 12:04,51.4,20.1,68.18,84.5,15.2,59.36,403.06
2024/3/21 12:05,51.7,20.1,68.18,84.6,15.2,59.36,402.49
2024/3/21 12:06,51.8,20,68,84.9,15.2,59.36,402.06
2024/3/21 12:07,51.9,20,68,85.4,15.2,59.36,401.44
2024/3/21 12:09,51.9,20.1,68.18,85.1,15.2,59.36,401.08
2024/3/21 12:10,51.8,20,68,85.3,15.2,59.36,400.58
2024/3/21 12:11,51.9,20.1,68.18,85.5,15.2,59.36,400.1
2024/3/21 12:12,52,20,68,85,15.2,59.36,399.63
2024/3/21 12:13,52.1,20,68,84.9,15.2,59.36,399.13
2024/3/21 12:14,52.1,20,68,85,15.2,59.36,398.79
2024/3/21 12:15,52,20,68,84.7,15.2,59.36,398.2
2024/3/21 12:17,52,20,68,84.3,15.2,59.36,397.8
2024/3/21 12:18,52.2,20,68,84.2,15.2,59.36,397.26
2024/3/21 12:19,52.1,20,68,84.4,15.2,59.36,396.68
2024/3/21 12:20,52.3,20,68,84.2,15.2,59.36,396.35
2024/3/21 12:21,52.2,20,68,84.2,15.3,59.54,395.75
2024/3/21 12:22,52.3,19.9,67.82,84.8,15.2,59.36,395.42
2024/3/21 12:23,52.4,20,68,85.1,15.2,59.36,394.88
2024/3/21 12:25,52.5,20,68,85.2,15.2,59.36,394.49
2024/3/21 12:26,52.6,20,68,85.6,15.2,59.36,393.95
2024/3/21 12:27,52.7,20,68,85.5,15.2,59.36,393.48
2024/3/21 12:28,52.6,20,68,85.5,15.2,59.36,392.96
2024/3/21 12:29,52.6,20,68,85.5,15.2,59.36,392.41
2024/3/21 12:30,52.5,20,68,85.8,15.2,59.36,391.99
2024/3/21 12:31,52.8,19.9,67.82,86,15.2,59.36,391.49
2024/3/21 12:33,52.8,20,68,85.1,15.2,59.36,391.01
2024/3/21 12:34,52.7,20,68,85.2,15.3,59.54,390.44
2024/3/21 12:35,52.8,20,68,85.6,15.3,59.54,389.43
2024/3/21 12:36,52.8,19.9,67.82,86.2,15.2,59.36,389.18
2024/3/21 12:37,52.9,20,68,85.9,15.2,59.36,388.71
2024/3/21 12:38,52.9,20,68,86.2,15.3,59.54,388.13
2024/3/21 12:39,52.9,20,68,86.1,15.3,59.54,387.47
2024/3/21 12:41,53,20,68,86.2,15.3,59.54,387
2024/3/21 12:42,53.1,19.9,67.82,86.3,15.3,59.54,386.32
2024/3/21 12:43,53.1,20,68,85.7,15.3,59.54,385.98
2024/3/21 12:44,53.1,19.9,67.82,85.9,15.3,59.54,385.4
2024/3/21 12:45,53.3,19.9,67.82,86.5,15.3,59.54,385.03
2024/3/21 12:46,53,20,68,86,15.3,59.54,384.63
2024/3/21 12:47,53.2,19.9,67.82,86.1,15.3,59.54,384.16
2024/3/21 12:49,53.1,20,68,86,15.3,59.54,383.7
2024/3/21 12:50,53.2,19.9,67.82,85.8,15.3,59.54,383.28
2024/3/21 12:51,53.3,19.9,67.82,85.4,15.3,59.54,382.73
2024/3/21 12:52,53.2,19.9,67.82,85.4,15.3,59.54,382.27
2024/3/21 12:53,53.1,19.9,67.82,85.3,15.3,59.54,381.53
2024/3/21 12:54,53.1,19.9,67.82,85.1,15.3,59.54,381.06
2024/3/21 12:56,53.3,19.9,67.82,85.3,15.4,59.72,380.72
2024/3/21 12:57,53.3,19.9,67.82,85.2,15.3,59.54,380.16
2024/3/21 12:59,53.1,19.9,67.82,85.2,15.4,59.72,379.14
2024/3/21 13:00,53.4,19.9,67.82,85.4,15.4,59.72,378.82
2024/3/21 13:01,53.3,19.9,67.82,85.7,15.4,59.72,378.4
2024/3/21 13:02,53.4,19.9,67.82,85.8,15.4,59.72,377.83
2024/3/21 13:03,53.5,19.9,67.82,85.9,15.4,59.72,377.29
2024/3/21 13:05,53.4,19.9,67.82,86,15.4,59.72,376.82
2024/3/21 13:06,53.4,19.9,67.82,85.9,15.4,59.72,376.31
2024/3/21 13:07,53.5,19.9,67.82,85.6,15.4,59.72,375.98
2024/3/21 13:08,53.5,20,68,86,15.4,59.72,375.45
2024/3/21 13:09,53.5,20,68,86,15.4,59.72,375.03
2024/3/21 13:10,53.7,20,68,85.7,15.4,59.72,374.56
2024/3/21 13:11,53.4,19.9,67.82,85.6,15.4,59.72,374.06
2024/3/21 13:13,53.4,19.9,67.82,85.3,15.4,59.72,373.48
2024/3/21 13:14,53.6,19.9,67.82,85.2,15.4,59.72,373.13
2024/3/21 13:15,53.7,19.9,67.82,85.5,15.4,59.72,372.63
2024/3/21 13:16,53.7,19.9,67.82,85.7,15.4,59.72,372.21
2024/3/21 13:17,53.8,19.9,67.82,85.5,15.4,59.72,371.67
2024/3/21 13:18,53.6,19.9,67.82,85.3,15.4,59.72,371.25
2024/3/21 13:20,53.6,19.9,67.82,85,15.5,59.9,370.88
2024/3/21 13:21,53.7,19.9,67.82,85.5,15.5,59.9,370.37
2024/3/21 13:22,53.7,19.9,67.82,85.5,15.5,59.9,369.85
2024/3/21 13:23,53.6,20,68,85.1,15.5,59.9,369.43
2024/3/21 13:24,53.5,20,68,85.4,15.5,59.9,368.97
2024/3/21 13:25,53.6,20,68,85.5,15.5,59.9,368.51
2024/3/21 13:26,53.6,20,68,85.5,15.5,59.9,367.97
2024/3/21 13:28,53.7,20,68,85.2,15.5,59.9,367.55
2024/3/21 13:29,53.9,20,68,85.5,15.5,59.9,367.01
2024/3/21 13:30,53.8,20,68,85.8,15.5,59.9,366.74
2024/3/21 13:31,54,20,68,85.9,15.5,59.9,366.26
2024/3/21 13:32,53.9,20,68,85.7,15.5,59.9,365.75
2024/3/21 13:33,54,20,68,85.5,15.5,59.9,365.25
2024/3/21 13:34,53.9,20,68,85.2,15.5,59.9,364.86
2024/3/21 13:36,54,20,68,85.4,15.5,59.9,364.52
2024/3/21 13:37,54.1,20,68,85.2,15.5,59.9,363.35
2024/3/21 13:38,54,20,68,85.3,15.5,59.9,362.69
2024/3/21 13:39,54,20,68,85.1,15.6,60.08,362.33
2024/3/21 13:40,53.7,20,68,85,15.5,59.9,361.85
2024/3/21 13:41,53.9,20,68,84.9,15.5,59.9,361.41
2024/3/21 13:43,53.9,19.9,67.82,85.2,15.5,59.9,361.04
2024/3/21 13:44,54.2,20,68,85.2,15.5,59.9,360.59
2024/3/21 13:45,54.2,20,68,85.4,15.6,60.08,360.08
2024/3/21 13:46,54.3,20,68,85.6,15.6,60.08,359.71
2024/3/21 13:47,54.3,20,68,85.4,15.6,60.08,359.49
2024/3/21 13:48,54.3,20,68,85.4,15.6,60.08,358.79
2024/3/21 13:49,54.3,20,68,85.5,15.6,60.08,358.45
2024/3/21 13:50,54.4,20,68,85.3,15.6,60.08,357.95
2024/3/21 13:52,54.5,20,68,85.6,15.6,60.08,357.64
2024/3/21 13:53,54.5,20,68,85.7,15.6,60.08,357.07
2024/3/21 13:54,54.6,20,68,85.5,15.7,60.26,356.63
2024/3/21 13:55,54.5,20,68,85.6,15.7,60.26,356.25
2024/3/21 13:56,54.5,20,68,85.5,15.7,60.26,356.03
2024/3/21 13:57,54.4,20.1,68.18,85.4,15.7,60.26,355.59
2024/3/21 13:58,54.5,20,68,85.5,15.7,60.26,355
2024/3/21 14:00,54.6,20,68,85.5,15.7,60.26,354.55
2024/3/21 14:01,54.6,20,68,85.3,15.7,60.26,354.12
2024/3/21 14:02,54.7,20,68,85.2,15.8,60.44,353.41
2024/3/21 14:03,54.8,20,68,85.1,15.8,60.44,353.11
2024/3/21 14:04,54.8,20,68,84.9,15.8,60.44,352.9
2024/3/21 14:05,54.8,20.1,68.18,84.9,15.8,60.44,352.07
2024/3/21 14:06,54.8,20.1,68.18,84.8,15.8,60.44,351.23
2024/3/21 14:08,54.8,20.1,68.18,84.6,15.8,60.44,350.96
2024/3/21 14:09,54.9,20.1,68.18,84.8,15.8,60.44,350.39
2024/3/21 14:10,54.9,20.1,68.18,84.7,15.8,60.44,349.98
2024/3/21 14:11,54.9,20.1,68.18,84.6,15.8,60.44,349.3
2024/3/21 14:12,55,20.1,68.18,84.4,15.8,60.44,348.36
2024/3/21 14:13,54.9,20.1,68.18,84.4,15.8,60.44,347.74
2024/3/21 14:14,55,20.1,68.18,84.4,15.9,60.62,347.42
2024/3/21 14:16,55,20.1,68.18,84.5,15.9,60.62,347.05
2024/3/21 14:17,55,20.1,68.18,84.3,15.9,60.62,346.6
2024/3/21 14:18,55,20.1,68.18,84.1,15.9,60.62,346.33
2024/3/21 14:19,55,20.1,68.18,84,15.9,60.62,346.01
2024/3/21 14:20,55,20.1,68.18,84,15.9,60.62,345.57
2024/3/21 14:21,55.1,20.1,68.18,83.9,15.9,60.62,345.19
2024/3/21 14:22,55,20.1,68.18,83.7,15.9,60.62,344.71
2024/3/21 14:23,55.1,20.1,68.18,83.7,15.9,60.62,344.26
2024/3/21 14:25,55.2,20.1,68.18,83.5,15.9,60.62,343.86
2024/3/21 14:26,55.1,20.1,68.18,83.3,15.9,60.62,343.66
2024/3/21 14:27,55.1,20.1,68.18,83,15.9,60.62,343.32
2024/3/21 14:28,55.2,20.1,68.18,82.9,15.9,60.62,342.89
2024/3/21 14:29,55.1,20,68,82.6,15.9,60.62,342.49
2024/3/21 14:30,55.2,20,68,82.5,15.9,60.62,342.1
2024/3/21 14:31,55.2,20,68,82.1,16,60.8,341.89
2024/3/21 14:33,55.3,20,68,82.1,16,60.8,341.41
2024/3/21 14:34,55.3,20,68,81.7,16,60.8,340.96
2024/3/21 14:35,55.5,20,68,81.7,16,60.8,340.58
2024/3/21 14:36,55.4,20,68,81.4,16,60.8,340.29
2024/3/21 14:37,55.3,20.1,68.18,81.1,16.1,60.98,339.84
2024/3/21 14:38,55.5,20,68,80.9,16.1,60.98,339.58
2024/3/21 14:39,55.4,20,68,80.7,16.1,60.98,339.25
2024/3/21 14:41,55.3,20,68,80.7,16.1,60.98,338.82
2024/3/21 14:42,55.4,20,68,80.3,16.1,60.98,338.37
2024/3/21 14:43,55.5,20,68,80,16.1,60.98,338.24
2024/3/21 14:44,55.5,20,68,79.2,16.1,60.98,337.65
2024/3/21 14:45,55.4,20,68,79.4,16.1,60.98,337.49
2024/3/21 14:46,55.6,20.1,68.18,78.8,16.1,60.98,337.16
2024/3/21 14:48,55.4,20.1,68.18,79.1,16.2,61.16,336.89
2024/3/21 14:49,55.3,20.1,68.18,79,16.2,61.16,336.54
2024/3/21 14:50,55.5,20,68,78.6,16.2,61.16,336.12
2024/3/21 14:51,55.5,20,68,78.4,16.2,61.16,335.8
2024/3/21 14:52,55.5,20.1,68.18,77.9,16.2,61.16,335.35
2024/3/21 14:54,55.5,20.1,68.18,77.7,16.3,61.34,334.68
2024/3/21 14:55,55.3,20.2,68.36,77.4,16.3,61.34,334.49
2024/3/21 14:57,55.3,20.1,68.18,77.1,16.3,61.34,334.07
2024/3/21 14:58,55.3,20.1,68.18,76.7,16.3,61.34,332.99
2024/3/21 14:59,55.4,20.1,68.18,76.9,16.3,61.34,332.74
2024/3/21 15:00,55.3,20.2,68.36,76.5,16.3,61.34,332.35
2024/3/21 15:01,55.3,20.1,68.18,76.4,16.3,61.34,331.97
2024/3/21 15:02,55.2,20.2,68.36,76.2,16.4,61.52,331.72
2024/3/21 15:04,55.2,20.2,68.36,75.9,16.4,61.52,331.43
2024/3/21 15:05,55.3,20.2,68.36,75.3,16.4,61.52,331.1
2024/3/21 15:06,55.4,20.1,68.18,75.5,16.4,61.52,330.74
2024/3/21 15:07,55.2,20.1,68.18,75.4,16.4,61.52,330.51
2024/3/21 15:08,55.3,20.1,68.18,75,16.5,61.7,330.08
2024/3/21 15:09,55.2,20.1,68.18,74.8,16.5,61.7,329.72
2024/3/21 15:11,55.4,20.1,68.18,74.5,16.5,61.7,329.55
2024/3/21 15:12,55.2,20.1,68.18,74.1,16.5,61.7,329.21
2024/3/21 15:13,55.5,20.1,68.18,73.9,16.5,61.7,328.81
2024/3/21 15:14,55.5,20.1,68.18,73.9,16.5,61.7,328.57
2024/3/21 15:15,55.4,20.1,68.18,73.7,16.5,61.7,328.31
2024/3/21 15:16,55.6,20.1,68.18,73.6,16.5,61.7,327.93
2024/3/21 15:17,55.5,20.1,68.18,73.7,16.6,61.88,327.64
2024/3/21 15:18,55.5,20.1,68.18,73.4,16.6,61.88,326.74
2024/3/21 15:20,55.5,20.1,68.18,73.3,16.6,61.88,326.57
2024/3/21 15:21,55.5,20.1,68.18,73.3,16.6,61.88,326.26
2024/3/21 15:22,55.6,20.1,68.18,73,16.6,61.88,325.96
2024/3/21 15:23,55.5,20.1,68.18,72.9,16.7,62.06,325.6
2024/3/21 15:24,55.7,20.1,68.18,72.7,16.7,62.06,325.29
2024/3/21 15:25,55.5,20.1,68.18,72.4,16.7,62.06,324.91
2024/3/21 15:26,55.7,20.1,68.18,72.3,16.7,62.06,322.57
2024/3/21 15:28,55.8,20.1,68.18,72.1,16.7,62.06,322.46
2024/3/21 15:29,55.9,20.1,68.18,72,16.7,62.06,322.23
2024/3/21 15:30,55.7,20.1,68.18,72,16.8,62.24,322.01
2024/3/21 15:31,55.8,20.1,68.18,71.9,16.8,62.24,321.71
2024/3/21 15:32,56,20.1,68.18,71.9,16.8,62.24,321.42
2024/3/21 15:33,55.9,20,68,71.7,16.8,62.24,321.19
2024/3/21 15:34,56.1,20,68,71.5,16.8,62.24,320.81
2024/3/21 15:36,56.2,20,68,71.5,16.8,62.24,320.58
2024/3/21 15:37,56.1,20,68,71.4,16.9,62.42,320.39
2024/3/21 15:38,56.2,20,68,71.2,16.9,62.42,320.1
2024/3/21 15:39,56.2,20,68,71.1,16.9,62.42,319.7
2024/3/21 15:40,56.2,20,68,71.1,16.9,62.42,319.56
2024/3/21 15:41,56.1,20,68,71,16.9,62.42,319.23
2024/3/21 15:42,56.2,20,68,70.8,17,62.6,318.96
2024/3/21 15:44,56.2,20,68,70.7,17,62.6,318.68
2024/3/21 15:45,56.1,20,68,70.7,17,62.6,318.35
2024/3/21 15:46,56.2,20,68,70.6,17,62.6,318.31
2024/3/21 15:47,56.3,20,68,70.6,17.1,62.78,318
2024/3/21 15:48,56.4,20,68,70.4,17.1,62.78,317.73
2024/3/21 15:49,56.4,20,68,70.4,17.1,62.78,317.28
2024/3/21 15:51,56.4,20,68,70.4,17.1,62.78,317.11
2024/3/21 15:52,56.6,20,68,70.3,17.1,62.78,316.9
2024/3/21 15:53,56.6,20,68,70.1,17.1,62.78,314.2
2024/3/21 15:54,56.6,20,68,69.9,17.2,62.96,314.2
2024/3/21 15:55,56.7,20,68,70,17.2,62.96,314.02
2024/3/21 15:56,56.8,20,68,69.8,17.2,62.96,313.76
2024/3/21 15:57,56.8,20,68,69.8,17.2,62.96,313.59
2024/3/21 15:59,56.9,20,68,69.7,17.2,62.96,313.39
2024/3/21 16:00,56.9,20,68,69.7,17.3,63.14,313.11
2024/3/21 16:01,57,20,68,69.5,17.3,63.14,312.82
2024/3/21 16:02,57.1,20,68,69.6,17.3,63.14,312.61
2024/3/21 16:03,57.1,20,68,69.4,17.3,63.14,312.39
2024/3/21 16:04,57.1,20,68,69.4,17.4,63.32,312.13
2024/3/21 16:05,57.2,19.9,67.82,69.4,17.4,63.32,311.87
2024/3/21 16:07,57.3,20,68,69.2,17.4,63.32,308.59
2024/3/21 16:08,57.3,19.9,67.82,69.6,17.4,63.32,308.34
2024/3/21 16:09,57.6,20,68,69.3,17.4,63.32,308.35
2024/3/21 16:10,57.7,20,68,69.2,17.5,63.5,308.15
2024/3/21 16:11,57.7,20,68,69.3,17.5,63.5,307.81
2024/3/21 16:12,57.6,20,68,69.4,17.5,63.5,307.75
2024/3/21 16:13,57.6,20,68,69.4,17.5,63.5,307.32
2024/3/21 16:15,57.5,20,68,69.4,17.5,63.5,307.35
2024/3/21 16:16,57.8,20,68,69.4,17.6,63.68,306.92
2024/3/21 16:17,57.8,20,68,69.4,17.6,63.68,306.67
2024/3/21 16:18,57.6,20,68,69.2,17.6,63.68,306.58
2024/3/21 16:19,57.6,20,68,69.1,17.6,63.68,306.34
2024/3/21 16:20,57.8,19.9,67.82,69.1,17.7,63.86,306.07
2024/3/21 16:21,57.8,19.9,67.82,69,17.7,63.86,305.83
2024/3/21 16:23,57.8,19.9,67.82,68.8,17.8,64.04,305.58
2024/3/21 16:24,57.8,19.9,67.82,68.6,17.8,64.04,305.32
2024/3/21 16:25,57.9,19.9,67.82,68.5,17.8,64.04,305.11
2024/3/21 16:26,58,19.9,67.82,68.4,17.9,64.22,304.98
2024/3/21 16:27,57.9,19.9,67.82,68.3,17.9,64.22,304.68
2024/3/21 16:28,58,19.9,67.82,68.2,17.9,64.22,304.35
2024/3/21 16:29,58.2,19.9,67.82,68.2,17.9,64.22,304.19
2024/3/21 16:31,58,19.9,67.82,68.1,17.9,64.22,304.01
2024/3/21 16:32,58.1,19.9,67.82,67.9,17.9,64.22,303.62
2024/3/21 16:33,58.1,19.9,67.82,68,18,64.4,303.42
2024/3/21 16:34,58.2,19.9,67.82,68.1,17.9,64.22,303.25
2024/3/21 16:35,58.2,19.9,67.82,67.9,18,64.4,302.97
2024/3/21 16:36,58.2,19.9,67.82,67.9,18,64.4,302.69
2024/3/21 16:37,58.3,19.9,67.82,67.9,18,64.4,302.55
2024/3/21 16:39,58.3,19.9,67.82,67.7,18,64.4,302.34
2024/3/21 16:40,58.3,19.9,67.82,67.8,18,64.4,302.17
2024/3/21 16:41,58.3,19.9,67.82,67.8,18,64.4,301.84
2024/3/21 16:42,58.4,19.9,67.82,67.7,18,64.4,301.59
2024/3/21 16:43,58.6,19.9,67.82,67.7,18,64.4,301.36
2024/3/21 16:44,58.7,19.9,67.82,67.8,18.1,64.58,301.19
2024/3/21 16:45,58.8,19.9,67.82,67.7,18,64.4,301.03
2024/3/21 16:47,58.9,19.8,67.64,67.7,18,64.4,300.76
2024/3/21 16:48,58.9,19.8,67.64,67.7,18.1,64.58,300.5
2024/3/21 16:50,58.7,19.8,67.64,67.5,18,64.4,300.09
2024/3/21 16:51,58.8,19.8,67.64,67.4,18.1,64.58,300.03
2024/3/21 16:52,58.7,19.8,67.64,67.4,18,64.4,299.695
2024/3/21 16:54,58.7,19.8,67.64,67.4,18.1,64.58,299.36
2024/3/21 16:55,58.8,19.8,67.64,67.4,18.1,64.58,299.15
2024/3/21 16:56,58.8,19.8,67.64,67.3,18.1,64.58,299.04
2024/3/21 16:57,58.9,19.8,67.64,67.3,18.1,64.58,298.7
2024/3/21 16:58,58.9,19.9,67.82,67.3,18.1,64.58,298.53
2024/3/21 16:59,58.9,19.8,67.64,67.3,18.1,64.58,298.24
2024/3/21 17:00,58.9,19.8,67.64,67.3,18.1,64.58,298.22
2024/3/21 17:01,58.9,19.7,67.46,67.3,18.1,64.58,297.9
2024/3/21 17:03,59,19.7,67.46,67.2,18.1,64.58,297.71
2024/3/21 17:04,59,19.7,67.46,67.2,18.2,64.76,297.47
2024/3/21 17:05,58.9,19.7,67.46,67.2,18.2,64.76,297.3
2024/3/21 17:06,59.1,19.8,67.64,67.2,18.2,64.76,297.23
2024/3/21 17:07,59.1,19.7,67.46,67.1,18.2,64.76,296.88
2024/3/21 17:08,59.4,19.7,67.46,67.2,18.2,64.76,296.67
2024/3/21 17:10,59.2,19.7,67.46,67.1,18.2,64.76,296.3
2024/3/21 17:11,59.3,19.7,67.46,67,18.2,64.76,296.23
2024/3/21 17:12,59.2,19.7,67.46,67,18.2,64.76,295.94
2024/3/21 17:13,59.2,19.7,67.46,66.9,18.2,64.76,295.28
2024/3/21 17:14,59.3,19.7,67.46,67,18.3,64.94,295.17
2024/3/21 17:15,59.4,19.7,67.46,67.1,18.3,64.94,294.89
2024/3/21 17:16,59.5,19.7,67.46,67,18.3,64.94,294.75
2024/3/21 17:18,59.6,19.7,67.46,66.9,18.3,64.94,294.45
2024/3/21 17:19,59.5,19.7,67.46,66.8,18.3,64.94,294.37
2024/3/21 17:20,59.6,19.7,67.46,66.9,18.3,64.94,294.03
2024/3/21 17:21,59.6,19.7,67.46,66.8,18.3,64.94,293.92
2024/3/21 17:22,59.6,19.7,67.46,66.8,18.3,64.94,290.66
2024/3/21 17:23,59.6,19.7,67.46,67.4,18.3,64.94,290.58
2024/3/21 17:24,59.8,19.7,67.46,67.4,18.4,65.12,290.16
2024/3/21 17:26,59.6,19.7,67.46,67,18.4,65.12,289.97
2024/3/21 17:27,59.7,19.8,67.64,66.9,18.4,65.12,289.86
2024/3/21 17:28,59.6,19.8,67.64,67,18.4,65.12,289.67
2024/3/21 17:29,59.7,19.9,67.82,67,18.4,65.12,289.48
2024/3/21 17:30,59.4,19.9,67.82,66.9,18.4,65.12,289.26
2024/3/21 17:31,59.3,19.8,67.64,66.8,18.4,65.12,289.17
2024/3/21 17:32,59.3,19.8,67.64,66.7,18.4,65.12,288.84
2024/3/21 17:34,59.4,19.8,67.64,66.6,18.4,65.12,288.65
2024/3/21 17:35,59.5,19.7,67.46,66.6,18.5,65.3,288.43
2024/3/21 17:36,59.5,19.7,67.46,66.4,18.4,65.12,288.35
2024/3/21 17:37,59.6,19.7,67.46,66.4,18.5,65.3,288.12
2024/3/21 17:38,59.5,19.7,67.46,66.3,18.5,65.3,288.05
2024/3/21 17:39,59.6,19.7,67.46,66.3,18.4,65.12,287.95
2024/3/21 17:40,59.7,19.7,67.46,66.3,18.4,65.12,287.62
2024/3/21 17:42,59.6,19.6,67.28,66.2,18.4,65.12,287.48
2024/3/21 17:43,59.5,19.6,67.28,66.2,18.5,65.3,287.31
2024/3/21 17:44,59.7,19.5,67.1,66.2,18.5,65.3,287.14
2024/3/21 17:45,59.6,19.6,67.28,66.1,18.4,65.12,287.07
2024/3/21 17:46,59.7,19.5,67.1,66,18.4,65.12,286.75
2024/3/21 17:47,59.7,19.5,67.1,66,18.4,65.12,286.65
2024/3/21 17:48,59.7,19.5,67.1,66,18.4,65.12,286.52
2024/3/21 17:50,59.7,19.5,67.1,65.9,18.4,65.12,286.35
2024/3/21 17:51,59.8,19.5,67.1,65.9,18.4,65.12,286.21
2024/3/21 17:52,59.7,19.5,67.1,65.9,18.4,65.12,285.97
2024/3/21 17:53,59.8,19.5,67.1,65.9,18.4,65.12,285.69
2024/3/21 17:54,59.9,19.5,67.1,65.9,18.4,65.12,285.62
2024/3/21 17:55,59.7,19.5,67.1,65.8,18.4,65.12,285.5
2024/3/21 17:57,59.9,19.5,67.1,65.8,18.4,65.12,285.19
2024/3/21 17:58,59.7,19.5,67.1,65.8,18.4,65.12,285.08
2024/3/21 17:59,59.8,19.5,67.1,65.7,18.5,65.3,284.98
2024/3/21 18:00,59.8,19.5,67.1,65.7,18.5,65.3,284.78
2024/3/21 18:01,59.8,19.5,67.1,65.7,18.4,65.12,284.54
2024/3/21 18:02,59.8,19.5,67.1,65.7,18.5,65.3,284.45
2024/3/21 18:03,59.9,19.4,66.92,65.6,18.4,65.12,284.3
2024/3/21 18:04,59.9,19.4,66.92,65.6,18.5,65.3,284.14
2024/3/21 18:06,60,19.4,66.92,65.6,18.4,65.12,284.02
2024/3/21 18:07,59.9,19.4,66.92,65.6,18.4,65.12,283.85
2024/3/21 18:08,60,19.4,66.92,65.6,18.5,65.3,283.59
2024/3/21 18:09,60,19.4,66.92,65.6,18.5,65.3,283.57
2024/3/21 18:10,60,19.4,66.92,65.5,18.5,65.3,283.24
2024/3/21 18:11,60.1,19.4,66.92,65.5,18.4,65.12,283.01
2024/3/21 18:13,60,19.4,66.92,65.5,18.5,65.3,283.02
2024/3/21 18:14,59.9,19.4,66.92,65.5,18.5,65.3,282.94
2024/3/21 18:15,60,19.4,66.92,65.4,18.5,65.3,282.65
2024/3/21 18:16,60,19.4,66.92,65.4,18.5,65.3,282.49
2024/3/21 18:17,60.1,19.4,66.92,65.4,18.5,65.3,282.42
2024/3/21 18:18,60.1,19.4,66.92,65.4,18.5,65.3,282.28
2024/3/21 18:19,60,19.4,66.92,65.4,18.5,65.3,282.08
2024/3/21 18:21,60.1,19.3,66.74,65.3,18.5,65.3,281.97
2024/3/21 18:22,60.1,19.4,66.92,65.3,18.5,65.3,281.8
2024/3/21 18:23,60.1,19.4,66.92,65.3,18.5,65.3,281.62
2024/3/21 18:24,60.1,19.4,66.92,65.3,18.5,65.3,281.5
2024/3/21 18:25,60.1,19.4,66.92,65.3,18.5,65.3,281.41
2024/3/21 18:26,60.1,19.4,66.92,65.2,18.5,65.3,281.24
2024/3/21 18:28,60.1,19.4,66.92,65.2,18.5,65.3,281.06
2024/3/21 18:29,60.1,19.3,66.74,65.2,18.5,65.3,280.94
2024/3/21 18:30,60.2,19.3,66.74,65.2,18.5,65.3,280.71
2024/3/21 18:31,60.2,19.4,66.92,65.2,18.5,65.3,280.64
2024/3/21 18:32,60.2,19.3,66.74,65.1,18.5,65.3,280.48
2024/3/21 18:33,60.2,19.4,66.92,65.1,18.5,65.3,280.25
2024/3/21 18:34,60.2,19.3,66.74,65.1,18.5,65.3,280.18
2024/3/21 18:36,60.2,19.3,66.74,65.1,18.5,65.3,280.14
2024/3/21 18:37,60.2,19.3,66.74,65.1,18.5,65.3,279.9
2024/3/21 18:38,60.3,19.3,66.74,65.1,18.6,65.48,279.81
2024/3/21 18:39,60.1,19.3,66.74,65.1,18.6,65.48,279.69
2024/3/21 18:40,60.2,19.3,66.74,65.1,18.6,65.48,279.44
2024/3/21 18:41,60.2,19.3,66.74,65,18.6,65.48,279.29
2024/3/21 18:42,60.1,19.3,66.74,65,18.6,65.48,279.09
2024/3/21 18:43,60.3,19.3,66.74,65,18.6,65.48,278.59
2024/3/21 18:46,60.2,19.3,66.74,65,18.6,65.48,278.35
2024/3/21 18:47,60.3,19.3,66.74,64.9,18.6,65.48,276.23
2024/3/21 18:48,60.3,19.3,66.74,65,18.6,65.48,276.18
2024/3/21 18:49,60.4,19.3,66.74,65.1,18.6,65.48,276.14
2024/3/21 18:50,60.4,19.4,66.92,65.1,18.6,65.48,275.99
2024/3/21 18:51,60.5,19.4,66.92,65,18.6,65.48,275.89
2024/3/21 18:53,60.5,19.4,66.92,65.1,18.6,65.48,275.73
2024/3/21 18:54,60.2,19.4,66.92,65.1,18.6,65.48,275.64
2024/3/21 18:55,60.3,19.4,66.92,65,18.7,65.66,275.62
2024/3/21 18:56,60.3,19.4,66.92,65,18.7,65.66,275.6
2024/3/21 18:57,60.2,19.4,66.92,64.9,18.7,65.66,275.41
2024/3/21 18:58,60.1,19.4,66.92,65,18.7,65.66,275.32
2024/3/21 18:59,60.2,19.4,66.92,64.8,18.7,65.66,275.15
2024/3/21 19:01,60.1,19.4,66.92,64.9,18.7,65.66,274.97
2024/3/21 19:02,59.9,19.4,66.92,64.7,18.7,65.66,274.94
2024/3/21 19:03,60,19.4,66.92,64.5,18.7,65.66,274.9
2024/3/21 19:04,59.9,19.3,66.74,64.4,18.7,65.66,274.81
2024/3/21 19:05,59.8,19.4,66.92,64.3,18.7,65.66,274.61
2024/3/21 19:06,59.8,19.4,66.92,64.3,18.7,65.66,274.52
2024/3/21 19:07,59.8,19.4,66.92,64.3,18.7,65.66,274.33
2024/3/21 19:09,59.8,19.4,66.92,64.2,18.7,65.66,274.28
2024/3/21 19:10,59.9,19.4,66.92,64.2,18.7,65.66,274.24
2024/3/21 19:11,59.8,19.4,66.92,64.2,18.6,65.48,274.06
2024/3/21 19:12,60,19.4,66.92,64.1,18.6,65.48,274.07
2024/3/21 19:13,59.8,19.4,66.92,64.1,18.7,65.66,273.94
2024/3/21 19:14,59.8,19.4,66.92,64.1,18.7,65.66,273.84
2024/3/21 19:16,59.8,19.4,66.92,64,18.8,65.84,273.77
2024/3/21 19:17,59.7,19.4,66.92,63.9,18.7,65.66,273.65
2024/3/21 19:18,59.8,19.4,66.92,63.9,18.8,65.84,273.47
2024/3/21 19:19,59.8,19.4,66.92,63.9,18.8,65.84,273.49
2024/3/21 19:20,59.8,19.4,66.92,63.9,18.8,65.84,273.25
2024/3/21 19:21,59.8,19.4,66.92,63.8,18.8,65.84,273.2
2024/3/21 19:22,59.8,19.4,66.92,63.8,18.8,65.84,273.27
2024/3/21 19:23,59.7,19.4,66.92,63.9,18.8,65.84,273.05
2024/3/21 19:25,59.7,19.4,66.92,63.7,18.8,65.84,273
2024/3/21 19:26,59.8,19.4,66.92,63.8,18.8,65.84,272.85
2024/3/21 19:27,59.7,19.4,66.92,63.7,18.8,65.84,272.68
2024/3/21 19:28,59.8,19.4,66.92,63.7,18.8,65.84,272.78
2024/3/21 19:29,59.7,19.4,66.92,63.7,18.8,65.84,272.55
2024/3/21 19:30,59.8,19.4,66.92,63.7,18.8,65.84,272.5
2024/3/21 19:31,59.8,19.4,66.92,63.7,18.9,66.02,272.38
2024/3/21 19:33,59.7,19.4,66.92,63.6,18.8,65.84,272.32
2024/3/21 19:34,59.9,19.3,66.74,63.6,18.8,65.84,272.27
2024/3/21 19:35,59.9,19.4,66.92,63.6,18.8,65.84,272.11
2024/3/21 19:36,59.9,19.4,66.92,63.6,18.8,65.84,272.04
2024/3/21 19:37,59.9,19.4,66.92,63.7,18.8,65.84,271.97
2024/3/21 19:38,59.9,19.4,66.92,63.6,18.9,66.02,271.88
2024/3/21 19:39,59.9,19.4,66.92,63.7,18.9,66.02,271.84
2024/3/21 19:41,59.9,19.3,66.74,63.7,18.8,65.84,271.63
2024/3/21 19:42,60.1,19.4,66.92,63.7,18.8,65.84,271.58
2024/3/21 19:43,60,19.4,66.92,63.7,18.8,65.84,271.54
2024/3/21 19:44,60,19.4,66.92,63.7,18.8,65.84,271.43
2024/3/21 19:45,60,19.4,66.92,63.7,18.8,65.84,271.33
2024/3/21 19:46,60.1,19.4,66.92,63.7,18.8,65.84,271.3
2024/3/21 19:47,60.2,19.3,66.74,63.7,18.8,65.84,271.12
2024/3/21 19:49,60.1,19.3,66.74,63.8,18.9,66.02,271.17
2024/3/21 19:50,60.2,19.3,66.74,63.8,18.9,66.02,271.05
2024/3/21 19:51,60.1,19.3,66.74,63.8,18.9,66.02,270.89
2024/3/21 19:52,60.2,19.4,66.92,63.8,18.9,66.02,270.82
2024/3/21 19:53,60.2,19.4,66.92,63.8,18.9,66.02,270.85
2024/3/21 19:54,60.2,19.4,66.92,63.8,18.9,66.02,270.74
2024/3/21 19:55,60.2,19.3,66.74,63.9,18.9,66.02,270.56
2024/3/21 19:57,60.3,19.4,66.92,63.8,18.9,66.02,270.58
2024/3/21 19:58,60.4,19.4,66.92,63.9,18.9,66.02,270.48
2024/3/21 19:59,60.5,19.3,66.74,63.8,18.9,66.02,270.39
2024/3/21 20:00,60.4,19.3,66.74,63.9,18.9,66.02,270.35
2024/3/21 20:01,60.3,19.3,66.74,63.8,18.9,66.02,270.18
2024/3/21 20:02,60.5,19.3,66.74,63.8,18.9,66.02,270.27
2024/3/21 20:03,60.5,19.3,66.74,63.9,18.9,66.02,270.16
2024/3/21 20:05,60.5,19.3,66.74,63.9,18.9,66.02,269.93
2024/3/21 20:06,60.5,19.3,66.74,63.9,18.9,66.02,269.82
2024/3/21 20:07,60.4,19.3,66.74,63.9,18.9,66.02,269.81
2024/3/21 20:08,60.4,19.3,66.74,63.9,18.9,66.02,269.67
2024/3/21 20:09,60.5,19.3,66.74,64,18.9,66.02,269.7
2024/3/21 20:10,60.6,19.3,66.74,64.1,18.9,66.02,268.5
2024/3/21 20:11,60.7,19.4,66.92,64.4,18.9,66.02,267.74
2024/3/21 20:13,60.8,19.4,66.92,65.1,18.9,66.02,267.7
2024/3/21 20:14,60.9,19.4,66.92,64.9,18.9,66.02,267.48
2024/3/21 20:15,60.9,19.4,66.92,64.7,18.9,66.02,267.52
2024/3/21 20:16,60.7,19.4,66.92,64.8,18.9,66.02,267.47
2024/3/21 20:17,60.7,19.5,67.1,64.8,18.9,66.02,267.4
2024/3/21 20:18,60.6,19.5,67.1,64.8,18.9,66.02,267.4
2024/3/21 20:19,60.5,19.5,67.1,64.9,18.9,66.02,267.26
2024/3/21 20:21,60.5,19.5,67.1,65,18.9,66.02,267.14
2024/3/21 20:22,60.6,19.5,67.1,65,18.9,66.02,267.01
2024/3/21 20:23,60.7,19.5,67.1,65,18.9,66.02,267
2024/3/21 20:24,60.8,19.5,67.1,65,18.9,66.02,267.07
2024/3/21 20:25,60.9,19.5,67.1,65.1,18.9,66.02,266.91
2024/3/21 20:26,60.8,19.5,67.1,65.1,18.9,66.02,266.74
2024/3/21 20:27,60.9,19.5,67.1,65.1,18.9,66.02,266.94
2024/3/21 20:29,60.9,19.5,67.1,65.2,18.9,66.02,266.73
2024/3/21 20:30,61,19.5,67.1,65.1,18.9,66.02,266.65
2024/3/21 20:31,60.9,19.5,67.1,65.1,18.9,66.02,266.61
2024/3/21 20:32,60.7,19.5,67.1,65.1,18.8,65.84,266.42
2024/3/21 20:33,60.8,19.5,67.1,65.2,18.9,66.02,266.3
2024/3/21 20:34,60.9,19.5,67.1,65.2,18.9,66.02,266.21
2024/3/21 20:35,60.8,19.5,67.1,65.2,18.9,66.02,266.23
2024/3/21 20:36,60.8,19.5,67.1,65.2,18.9,66.02,266.04
2024/3/21 20:38,60.8,19.5,67.1,65.2,18.9,66.02,266.06
2024/3/21 20:39,60.7,19.5,67.1,65.2,18.9,66.02,266
2024/3/21 20:41,60.8,19.5,67.1,65.2,18.9,66.02,265.75
2024/3/21 20:42,60.8,19.5,67.1,65.2,18.9,66.02,265.65
2024/3/21 20:43,60.9,19.5,67.1,65.2,18.9,66.02,265.47
2024/3/21 20:44,60.8,19.5,67.1,65.2,18.8,65.84,265.53
2024/3/21 20:45,60.9,19.5,67.1,65.2,18.9,66.02,265.41
2024/3/21 20:47,60.7,19.5,67.1,65.1,18.9,66.02,265.35
2024/3/21 20:48,60.7,19.5,67.1,65.1,18.9,66.02,264.97
2024/3/21 20:49,60.7,19.5,67.1,65.2,18.9,66.02,265.05
2024/3/21 20:50,60.5,19.5,67.1,65.2,18.9,66.02,265.02
2024/3/21 20:51,60.4,19.5,67.1,65.2,18.9,66.02,264.95
2024/3/21 20:52,60.6,19.5,67.1,65.1,18.9,66.02,264.76
2024/3/21 20:53,60.6,19.5,67.1,65.3,18.9,66.02,264.88
2024/3/21 20:55,60.7,19.5,67.1,65.6,18.9,66.02,264.73
2024/3/21 20:56,60.8,19.5,67.1,65.5,19,66.2,264.79
2024/3/21 20:57,60.7,19.5,67.1,65.4,19,66.2,264.74
2024/3/21 20:58,60.5,19.5,67.1,65.4,19,66.2,264.55
2024/3/21 20:59,60.5,19.5,67.1,65.3,19,66.2,264.42
2024/3/21 21:00,60.3,19.5,67.1,65.2,19,66.2,264.34
2024/3/21 21:02,60.5,19.5,67.1,65.2,19,66.2,264.1
2024/3/21 21:03,60.5,19.5,67.1,65.5,19,66.2,264.11
2024/3/21 21:04,60.8,19.5,67.1,65.5,19,66.2,264.11
2024/3/21 21:05,60.8,19.5,67.1,65.4,19,66.2,264.03
2024/3/21 21:06,60.6,19.5,67.1,65.4,19,66.2,263.91
2024/3/21 21:07,60.7,19.5,67.1,65.3,19,66.2,263.63
2024/3/21 21:08,60.5,19.5,67.1,65.3,19,66.2,263.74
2024/3/21 21:10,60.8,19.5,67.1,65.5,19,66.2,263.66
2024/3/21 21:11,60.5,19.5,67.1,65.4,19,66.2,263.56
2024/3/21 21:12,60.3,19.5,67.1,65.3,19,66.2,263.66
2024/3/21 21:13,60.3,19.5,67.1,65.2,19,66.2,263.71
2024/3/21 21:14,60.2,19.5,67.1,65.2,19,66.2,263.54
2024/3/21 21:15,60.3,19.5,67.1,65.2,19.1,66.38,263.6
2024/3/21 21:16,60.1,19.5,67.1,65.2,19,66.2,263.52
2024/3/21 21:18,60.3,19.5,67.1,65.1,19,66.2,263.39
2024/3/21 21:19,60.4,19.4,66.92,65,19.1,66.38,263.34
2024/3/21 21:20,60.4,19.5,67.1,64.9,19.1,66.38,263.12
2024/3/21 21:21,60.4,19.5,67.1,65,19.1,66.38,263.09
2024/3/21 21:22,60.4,19.5,67.1,65,19,66.2,263.05
2024/3/21 21:23,60.3,19.5,67.1,64.9,19.1,66.38,263.15
2024/3/21 21:24,60.3,19.4,66.92,64.9,19.1,66.38,262.96
2024/3/21 21:26,60.3,19.5,67.1,65,19.1,66.38,262.86
2024/3/21 21:27,60.4,19.5,67.1,64.8,19.1,66.38,262.82
2024/3/21 21:28,60.4,19.5,67.1,64.8,19.1,66.38,262.78
2024/3/21 21:29,60.5,19.5,67.1,64.7,19.1,66.38,262.63
2024/3/21 21:30,60.5,19.5,67.1,64.7,19.1,66.38,262.63
2024/3/21 21:31,60.5,19.4,66.92,64.7,19.1,66.38,262.53
2024/3/21 21:32,60.6,19.4,66.92,64.7,19.1,66.38,262.5
2024/3/21 21:33,60.4,19.4,66.92,64.8,19.1,66.38,262.34
2024/3/21 21:35,60.5,19.4,66.92,64.8,19.1,66.38,262.25
2024/3/21 21:36,60.7,19.4,66.92,64.9,19.1,66.38,235.41
2024/3/21 21:37,60.6,19.4,66.92,64.9,19.1,66.38,258.49
2024/3/21 21:38,60.6,19.4,66.92,66.5,19.1,66.38,258.8
2024/3/21 21:39,60.7,19.4,66.92,65.9,19.1,66.38,258.74
2024/3/21 21:40,60.6,19.4,66.92,65.7,19.2,66.56,258.82
2024/3/21 21:41,60.6,19.4,66.92,65.4,19.2,66.56,258.69
2024/3/21 21:43,60.5,19.4,66.92,65.3,19.2,66.56,258.51
2024/3/21 21:44,60.6,19.4,66.92,65.1,19.2,66.56,258.35
2024/3/21 21:45,60.7,19.4,66.92,64.9,19.2,66.56,258.5
2024/3/21 21:46,60.8,19.4,66.92,64.9,19.1,66.38,258.39
2024/3/21 21:47,60.8,19.4,66.92,64.8,19.1,66.38,258.37
2024/3/21 21:48,60.9,19.4,66.92,64.7,19.1,66.38,258.33
2024/3/21 21:49,60.9,19.4,66.92,64.6,19.1,66.38,258.63
2024/3/21 21:51,60.7,19.4,66.92,64.6,19.1,66.38,258.62
2024/3/21 21:52,60.7,19.4,66.92,64.8,19.1,66.38,258.41
2024/3/21 21:53,60.8,19.4,66.92,64.7,19.1,66.38,258.4
2024/3/21 21:54,60.7,19.3,66.74,64.7,19.1,66.38,258.35
2024/3/21 21:55,60.8,19.3,66.74,64.6,19.1,66.38,258.33
2024/3/21 21:56,60.9,19.3,66.74,64.5,19.1,66.38,258.37
2024/3/21 21:57,60.8,19.4,66.92,64.7,19.1,66.38,258.25
2024/3/21 21:59,60.8,19.4,66.92,64.7,19.1,66.38,258.25
2024/3/21 22:00,60.9,19.4,66.92,64.7,19.1,66.38,258.27
2024/3/21 22:01,60.9,19.4,66.92,64.8,19.1,66.38,258.14
2024/3/21 22:02,60.9,19.4,66.92,64.9,19.1,66.38,258.09
2024/3/21 22:03,60.9,19.4,66.92,64.8,19.1,66.38,258.22
2024/3/21 22:04,60.9,19.4,66.92,64.7,19.1,66.38,257.91
2024/3/21 22:05,60.8,19.4,66.92,64.9,19.1,66.38,258
2024/3/21 22:07,61.1,19.4,66.92,64.9,19.1,66.38,257.88
2024/3/21 22:08,61.1,19.4,66.92,64.9,19.1,66.38,257.93
2024/3/21 22:09,61,19.4,66.92,64.9,19.1,66.38,257.95
2024/3/21 22:10,61.3,19.4,66.92,64.9,19.1,66.38,257.63
2024/3/21 22:11,61.2,19.4,66.92,64.9,19.1,66.38,257.99
2024/3/21 22:12,61.1,19.4,66.92,65,19.1,66.38,257.86
2024/3/21 22:14,61.2,19.3,66.74,64.9,19.1,66.38,257.58
2024/3/21 22:15,61.2,19.3,66.74,64.9,19.1,66.38,257.55
2024/3/21 22:16,61.1,19.3,66.74,64.8,19.2,66.56,257.53
2024/3/21 22:17,61.2,19.3,66.74,64.9,19.1,66.38,257.81
2024/3/21 22:18,61.4,19.3,66.74,64.9,19.1,66.38,257.59
2024/3/21 22:19,61.4,19.3,66.74,64.8,19.2,66.56,257.43
2024/3/21 22:20,61.5,19.3,66.74,64.9,19.2,66.56,257.5
2024/3/21 22:22,61.5,19.3,66.74,64.9,19.2,66.56,257.58
2024/3/21 22:23,61.5,19.3,66.74,64.9,19.2,66.56,257.42
2024/3/21 22:24,61.5,19.3,66.74,64.9,19.2,66.56,257.47
2024/3/21 22:25,61.2,19.3,66.74,64.9,19.2,66.56,257.44
2024/3/21 22:26,61.5,19.3,66.74,65,19.2,66.56,257.37
2024/3/21 22:27,61.4,19.3,66.74,65.1,19.2,66.56,257.43
2024/3/21 22:28,61.6,19.3,66.74,64.8,19.2,66.56,257.26
2024/3/21 22:30,61.6,19.3,66.74,64.8,19.2,66.56,257.3
2024/3/21 22:31,61.6,19.3,66.74,64.9,19.1,66.38,257.36
2024/3/21 22:32,61.6,19.3,66.74,65.1,19.2,66.56,257.18
2024/3/21 22:33,61.6,19.3,66.74,65.1,19.2,66.56,256.99
2024/3/21 22:34,61.6,19.3,66.74,64.9,19.2,66.56,257.15
2024/3/21 22:36,61.7,19.3,66.74,64.8,19.2,66.56,257.18
2024/3/21 22:38,61.6,19.3,66.74,64.7,19.2,66.56,257.12
2024/3/21 22:39,61.5,19.3,66.74,64.6,19.2,66.56,256.92
2024/3/21 22:40,61.5,19.3,66.74,64.7,19.2,66.56,257
2024/3/21 22:41,61.5,19.3,66.74,64.8,19.2,66.56,257.04
2024/3/21 22:42,61.4,19.3,66.74,64.8,19.2,66.56,256.99
2024/3/21 22:43,61.6,19.3,66.74,64.7,19.2,66.56,256.99
2024/3/21 22:44,61.5,19.2,66.56,64.8,19.1,66.38,256.71
2024/3/21 22:46,61.6,19.2,66.56,64.7,19.2,66.56,256.67
2024/3/21 22:47,61.7,19.2,66.56,64.7,19.2,66.56,256.815
2024/3/21 22:48,61.7,19.2,66.56,64.6,19.2,66.56,256.96
2024/3/21 22:49,61.8,19.2,66.56,64.6,19.2,66.56,256.78
2024/3/21 22:50,61.8,19.2,66.56,64.4,19.2,66.56,256.7
2024/3/21 22:51,61.8,19.2,66.56,64.6,19.2,66.56,256.39
2024/3/21 22:52,61.8,19.2,66.56,64.4,19.2,66.56,256.59
2024/3/21 22:54,61.9,19.2,66.56,64.5,19.2,66.56,256.58
2024/3/21 22:55,61.8,19.2,66.56,64.5,19.3,66.74,256.16
2024/3/21 22:56,61.9,19.2,66.56,64.5,19.2,66.56,256.46
2024/3/21 22:57,62,19.2,66.56,64.5,19.2,66.56,256.29
2024/3/21 22:58,62.1,19.2,66.56,64.4,19.3,66.74,256.42
2024/3/21 22:59,62,19.1,66.38,64.4,19.2,66.56,256.35
2024/3/21 23:01,62,19.2,66.56,64.6,19.2,66.56,256.33
2024/3/21 23:02,62,19.1,66.38,64.4,19.2,66.56,255.96
2024/3/21 23:03,62.2,19.1,66.38,64.6,19.3,66.74,255.8
2024/3/21 23:04,62.3,19.1,66.38,64.7,19.3,66.74,256.05
2024/3/21 23:05,62.2,19.1,66.38,64.8,19.2,66.56,255.79
2024/3/21 23:06,62.3,19.1,66.38,65.2,19.2,66.56,255.82
2024/3/21 23:07,62.4,19.1,66.38,65,19.3,66.74,255.75
2024/3/21 23:09,62.5,19.1,66.38,64.9,19.3,66.74,255.75
2024/3/21 23:10,62.6,19.1,66.38,64.7,19.3,66.74,255.54
2024/3/21 23:11,62.8,19.1,66.38,64.5,19.3,66.74,255.61
2024/3/21 23:12,62.7,19,66.2,64.5,19.3,66.74,255.61
2024/3/21 23:13,62.7,19,66.2,64.6,19.3,66.74,255.52
2024/3/21 23:14,62.6,19,66.2,64.6,19.3,66.74,255.42
2024/3/21 23:16,62.8,19,66.2,64.7,19.3,66.74,255.55
2024/3/21 23:17,62.8,19,66.2,64.7,19.3,66.74,255.41
2024/3/21 23:18,62.8,19,66.2,64.8,19.3,66.74,255.47
2024/3/21 23:19,62.8,19,66.2,64.8,19.3,66.74,255.46
2024/3/21 23:20,62.7,19,66.2,64.8,19.3,66.74,255.31
2024/3/21 23:21,62.8,18.9,66.02,64.9,19.3,66.74,255.14
2024/3/21 23:22,62.8,18.9,66.02,64.9,19.3,66.74,255.48
2024/3/21 23:24,62.8,18.9,66.02,64.9,19.3,66.74,255.23
2024/3/21 23:25,63,18.9,66.02,64.9,19.3,66.74,255.26
2024/3/21 23:26,63.3,18.9,66.02,64.9,19.3,66.74,255.14
2024/3/21 23:27,63.7,19,66.2,65,19.3,66.74,260.9
2024/3/21 23:28,63.8,19,66.2,65.1,19.3,66.74,255.11
2024/3/21 23:29,63.9,19,66.2,65.1,19.3,66.74,255.56
2024/3/21 23:30,64.3,19,66.2,65.3,19.3,66.74,255.45
2024/3/21 23:31,64.5,19,66.2,65.3,19.4,66.92,255.5
2024/3/21 23:33,64.4,19,66.2,65.4,19.3,66.74,255.34
2024/3/21 23:34,64.7,19,66.2,65.4,19.4,66.92,254.74
2024/3/21 23:35,64.7,19,66.2,65.5,19.4,66.92,255.15
2024/3/21 23:36,64.9,19,66.2,65.5,19.4,66.92,255.25
2024/3/21 23:37,65,19,66.2,65.5,19.4,66.92,255.27
2024/3/21 23:38,65,19,66.2,65.5,19.4,66.92,255.16
2024/3/21 23:39,65.1,19,66.2,65.6,19.4,66.92,254.94
2024/3/21 23:41,65.2,19,66.2,65.6,19.4,66.92,254.96
2024/3/21 23:42,65.2,19,66.2,65.5,19.5,67.1,255.04
2024/3/21 23:43,65.1,19,66.2,65.6,19.5,67.1,255
2024/3/21 23:44,65.2,19,66.2,65.6,19.5,67.1,254.98
2024/3/21 23:45,65.2,19,66.2,65.6,19.5,67.1,254.95
2024/3/21 23:46,65.2,19,66.2,65.7,19.5,67.1,254.98
2024/3/21 23:47,65.3,19,66.2,65.6,19.5,67.1,254.93
2024/3/21 23:49,65.3,19,66.2,65.7,19.5,67.1,255
2024/3/21 23:50,65.4,19,66.2,65.7,19.5,67.1,254.79
2024/3/21 23:51,65.3,19,66.2,65.7,19.5,67.1,254.87
2024/3/21 23:52,65.4,19,66.2,65.7,19.5,67.1,254.82
2024/3/21 23:53,65.3,19,66.2,65.7,19.5,67.1,254.85
2024/3/21 23:54,65.5,19,66.2,65.8,19.5,67.1,254.84
2024/3/21 23:55,65.4,19,66.2,65.8,19.5,67.1,254.9
2024/3/21 23:57,65.4,19,66.2,65.8,19.4,66.92,254.83
2024/3/21 23:58,65.6,19,66.2,65.8,19.5,67.1,254.86
2024/3/21 23:59,65.6,18.9,66.02,65.8,19.5,67.1,254.77
2024/3/22 00:00,65.6,19,66.2,65.7,19.5,67.1,254.77
2024/3/22 00:01,65.6,18.9,66.02,65.8,19.4,66.92,254.68
2024/3/22 00:02,65.6,18.9,66.02,65.8,19.5,67.1,254.74
2024/3/22 00:03,65.6,18.9,66.02,65.8,19.5,67.1,254.65
2024/3/22 00:05,65.8,18.9,66.02,65.8,19.5,67.1,254.71
2024/3/22 00:06,65.6,18.9,66.02,65.8,19.4,66.92,254.7
2024/3/22 00:07,65.8,18.9,66.02,65.4,19.5,67.1,254.5
2024/3/22 00:08,65.8,18.9,66.02,65.7,19.4,66.92,254.51
2024/3/22 00:09,65.6,18.9,66.02,65.8,19.5,67.1,254.58
2024/3/22 00:11,65.7,18.8,65.84,65.8,19.5,67.1,254.55
2024/3/22 00:12,65.8,18.8,65.84,65.9,19.4,66.92,254.42
2024/3/22 00:13,65.8,18.8,65.84,65.9,19.4,66.92,254.42
2024/3/22 00:14,65.8,18.8,65.84,65.9,19.4,66.92,254.49
2024/3/22 00:15,65.8,18.8,65.84,65.9,19.4,66.92,254.44
2024/3/22 00:16,65.8,18.8,65.84,65.9,19.5,67.1,254.48
2024/3/22 00:17,66,18.8,65.84,65.9,19.4,66.92,254.48
2024/3/22 00:18,66,18.8,65.84,65.9,19.4,66.92,254.33
2024/3/22 00:20,66,18.8,65.84,65.9,19.4,66.92,254.37
2024/3/22 00:21,66.1,18.8,65.84,66,19.5,67.1,254.4
2024/3/22 00:22,66,18.8,65.84,66,19.4,66.92,254.29
2024/3/22 00:23,66.1,18.8,65.84,65.9,19.5,67.1,254.22
2024/3/22 00:24,66,18.7,65.66,65.9,19.4,66.92,254.36
2024/3/22 00:25,65.9,18.8,65.84,65.9,19.5,67.1,254.33
2024/3/22 00:27,66.1,18.7,65.66,65.9,19.5,67.1,254.32
2024/3/22 00:28,66.1,18.8,65.84,65.9,19.4,66.92,254.27
2024/3/22 00:29,66.2,18.7,65.66,65.9,19.4,66.92,254.18
2024/3/22 00:30,66.2,18.7,65.66,65.9,19.4,66.92,254.17
2024/3/22 00:32,66.2,18.7,65.66,65.7,19.4,66.92,254.23
2024/3/22 00:33,66.3,18.7,65.66,65.8,19.4,66.92,253.55
2024/3/22 00:35,66.2,18.7,65.66,65.9,19.4,66.92,254.12
2024/3/22 00:36,66.1,18.7,65.66,65.9,19.4,66.92,253.97
2024/3/22 00:37,66.2,18.7,65.66,65.6,19.4,66.92,254.38
2024/3/22 00:38,66.1,18.7,65.66,65.7,19.4,66.92,254.13
2024/3/22 00:39,66.2,18.7,65.66,65.8,19.4,66.92,254.04
2024/3/22 00:40,66.4,18.6,65.48,65.9,19.4,66.92,254.07
2024/3/22 00:41,66.3,18.6,65.48,65.9,19.4,66.92,254.05
2024/3/22 00:43,66.4,18.6,65.48,66,19.4,66.92,254.07
2024/3/22 00:44,66.5,18.6,65.48,65.9,19.4,66.92,253.99
2024/3/22 00:45,66.5,18.6,65.48,66,19.4,66.92,253.99
2024/3/22 00:46,66.6,18.6,65.48,65.9,19.4,66.92,254.02
2024/3/22 00:47,66.6,18.6,65.48,65.9,19.4,66.92,253.94
2024/3/22 00:48,66.7,18.6,65.48,66,19.4,66.92,253.81
2024/3/22 00:50,66.8,18.6,65.48,66,19.4,66.92,253.84
2024/3/22 00:51,66.8,18.6,65.48,66,19.4,66.92,253.86
2024/3/22 00:52,66.9,18.5,65.3,66,19.4,66.92,254.02
2024/3/22 00:53,67,18.5,65.3,66,19.4,66.92,253.79
2024/3/22 00:54,67.1,18.6,65.48,65.9,19.4,66.92,253.73
2024/3/22 00:55,67.2,18.5,65.3,66,19.4,66.92,253.76
2024/3/22 00:56,67.1,18.5,65.3,66.1,19.4,66.92,253.85
2024/3/22 00:58,67.1,18.5,65.3,66.1,19.4,66.92,253.71
2024/3/22 00:59,67.3,18.5,65.3,66.1,19.4,66.92,253.79
2024/3/22 01:00,67.2,18.5,65.3,66.2,19.4,66.92,253.62
2024/3/22 01:01,67.3,18.5,65.3,66.3,19.4,66.92,253.63
2024/3/22 01:02,67.5,18.5,65.3,66.5,19.4,66.92,253.66
2024/3/22 01:03,67.4,18.5,65.3,66.3,19.4,66.92,253.77
2024/3/22 01:05,67.5,18.5,65.3,66.2,19.5,67.1,253.72
2024/3/22 01:06,67.5,18.5,65.3,66.2,19.4,66.92,253.72
2024/3/22 01:07,67.5,18.5,65.3,66.3,19.4,66.92,253.66
2024/3/22 01:08,67.6,18.5,65.3,66.3,19.4,66.92,253.75
2024/3/22 01:09,67.6,18.5,65.3,66.3,19.4,66.92,253.72
2024/3/22 01:10,67.9,18.5,65.3,66.3,19.4,66.92,253.6
2024/3/22 01:12,67.6,18.5,65.3,66.3,19.4,66.92,253.66
2024/3/22 01:13,67.6,18.5,65.3,66.3,19.4,66.92,253.61
2024/3/22 01:14,67.6,18.5,65.3,66.3,19.4,66.92,253.59
2024/3/22 01:15,67.6,18.5,65.3,66.3,19.4,66.92,253.66
2024/3/22 01:16,67.6,18.5,65.3,66.3,19.4,66.92,253.67
2024/3/22 01:17,67.8,18.5,65.3,66.3,19.3,66.74,253.66
2024/3/22 01:18,67.9,18.5,65.3,66.3,19.3,66.74,253.55
2024/3/22 01:20,67.8,18.4,65.12,66.4,19.4,66.92,253.3
2024/3/22 01:21,67.9,18.5,65.3,66.4,19.4,66.92,253.6
2024/3/22 01:22,67.8,18.4,65.12,66.3,19.4,66.92,253.66
2024/3/22 01:23,67.8,18.4,65.12,66.3,19.4,66.92,253.24
2024/3/22 01:24,67.8,18.4,65.12,66.3,19.3,66.74,253.65
2024/3/22 01:25,67.9,18.4,65.12,66.1,19.3,66.74,253.76
2024/3/22 01:27,67.8,18.5,65.3,66.2,19.3,66.74,253.63
2024/3/22 01:28,67.9,18.4,65.12,66.4,19.3,66.74,253.71
2024/3/22 01:29,67.8,18.4,65.12,66.3,19.3,66.74,253.57
2024/3/22 01:30,67.9,18.4,65.12,66.4,19.3,66.74,253.71
2024/3/22 01:31,67.9,18.4,65.12,66.6,19.3,66.74,253.49
2024/3/22 01:32,68,18.4,65.12,66.6,19.3,66.74,253.57
2024/3/22 01:33,68,18.4,65.12,66.6,19.3,66.74,253.55
2024/3/22 01:35,68.2,18.4,65.12,66.6,19.4,66.92,253.58
2024/3/22 01:36,68.2,18.4,65.12,66.6,19.3,66.74,253.51
2024/3/22 01:37,68.2,18.4,65.12,66.6,19.3,66.74,253.54
2024/3/22 01:38,68.1,18.4,65.12,66.7,19.4,66.92,253.19
2024/3/22 01:39,68.2,18.4,65.12,66.5,19.4,66.92,253.35
2024/3/22 01:40,68.1,18.4,65.12,66.5,19.4,66.92,253.4
2024/3/22 01:41,68.2,18.4,65.12,66.5,19.4,66.92,253.25
2024/3/22 01:42,68.2,18.4,65.12,66.5,19.4,66.92,253.32
2024/3/22 01:44,68.2,18.3,64.94,66.6,19.3,66.74,253.22
2024/3/22 01:45,68.2,18.4,65.12,66.6,19.4,66.92,253.15
2024/3/22 01:46,68.3,18.4,65.12,66.6,19.4,66.92,253.08
2024/3/22 01:47,68.3,18.4,65.12,66.6,19.3,66.74,253.16
2024/3/22 01:48,68.2,18.4,65.12,66.5,19.3,66.74,252.98
2024/3/22 01:49,68.3,18.4,65.12,66.7,19.3,66.74,253.07
2024/3/22 01:51,68.3,18.4,65.12,66.7,19.3,66.74,252.98
2024/3/22 01:52,68.3,18.3,64.94,66.7,19.3,66.74,253.06
2024/3/22 01:53,68.4,18.3,64.94,66.7,19.3,66.74,253.02
2024/3/22 01:54,68.3,18.3,64.94,66.8,19.3,66.74,253.07
2024/3/22 01:55,68.3,18.3,64.94,66.8,19.3,66.74,252.92
2024/3/22 01:56,68.4,18.3,64.94,66.9,19.4,66.92,253.13
2024/3/22 01:57,68.3,18.4,65.12,66.7,19.3,66.74,253.22
2024/3/22 01:59,68.4,18.3,64.94,66.7,19.3,66.74,252.9
2024/3/22 02:00,68.4,18.3,64.94,66.9,19.3,66.74,252.9
2024/3/22 02:01,68.5,18.3,64.94,66.8,19.4,66.92,253.08
2024/3/22 02:02,68.5,18.3,64.94,66.8,19.3,66.74,253.04
2024/3/22 02:03,68.5,18.3,64.94,66.9,19.3,66.74,252.8
2024/3/22 02:04,68.5,18.3,64.94,67,19.3,66.74,252.92
2024/3/22 02:06,68.6,18.3,64.94,66.9,19.3,66.74,252.81
2024/3/22 02:07,68.4,18.3,64.94,67,19.3,66.74,252.71
2024/3/22 02:08,68.4,18.3,64.94,67.1,19.3,66.74,252.99
2024/3/22 02:09,68.6,18.3,64.94,67.1,19.3,66.74,252.73
2024/3/22 02:10,68.7,18.3,64.94,67.1,19.3,66.74,252.77
2024/3/22 02:11,68.7,18.3,64.94,67.1,19.3,66.74,253.05
2024/3/22 02:12,68.6,18.3,64.94,67,19.3,66.74,252.88
2024/3/22 02:14,68.8,18.3,64.94,67.1,19.3,66.74,252.54
2024/3/22 02:15,68.7,18.3,64.94,67.1,19.3,66.74,252.92
2024/3/22 02:16,68.6,18.3,64.94,67.1,19.3,66.74,252.7
2024/3/22 02:17,68.7,18.3,64.94,67.2,19.3,66.74,253.01
2024/3/22 02:18,68.8,18.3,64.94,67.1,19.3,66.74,252.8
2024/3/22 02:19,68.7,18.3,64.94,67.1,19.3,66.74,252.8
2024/3/22 02:20,68.8,18.3,64.94,67.2,19.3,66.74,252.61
2024/3/22 02:21,68.7,18.3,64.94,67.2,19.3,66.74,23
2024/3/22 02:23,68.7,18.3,64.94,67.3,19.3,66.74,22.88
2024/3/22 02:24,68.9,18.3,64.94,67.7,19.3,66.74,22.88
2024/3/22 02:25,68.8,18.4,65.12,68,19.3,66.74,22.73
2024/3/22 02:26,69,18.4,65.12,68.4,19.3,66.74,22.83
2024/3/22 02:28,69,18.4,65.12,68.5,19.3,66.74,23.1
2024/3/22 02:29,69.2,18.4,65.12,68.7,19.3,66.74,22.88
2024/3/22 02:31,69.1,18.4,65.12,68.5,19.2,66.56,22.85
2024/3/22 02:32,69,18.4,65.12,69.1,19.3,66.74,22.91
2024/3/22 02:33,69.1,18.3,64.94,68.8,19.2,66.56,22.88
2024/3/22 02:34,69.1,18.3,64.94,69.1,19.2,66.56,22.88
2024/3/22 02:35,69.1,18.3,64.94,69.9,19.2,66.56,22.72
2024/3/22 02:36,69.2,18.3,64.94,69.5,19.2,66.56,22.82
2024/3/22 02:37,69.4,18.3,64.94,69.2,19.3,66.74,22.75
2024/3/22 02:39,69.4,18.3,64.94,69.2,19.3,66.74,22.64
2024/3/22 02:40,69.4,18.3,64.94,69.6,19.2,66.56,22.76
2024/3/22 02:41,69.5,18.3,64.94,70.1,19.2,66.56,22.9
2024/3/22 02:42,69.6,18.3,64.94,69.7,19.2,66.56,22.87
2024/3/22 02:43,69.5,18.3,64.94,69.9,19.2,66.56,22.79
2024/3/22 02:44,69.8,18.3,64.94,70,19.2,66.56,22.47
2024/3/22 02:45,69.8,18.3,64.94,70,19.2,66.56,22.77
2024/3/22 02:47,69.9,18.2,64.76,70.2,19.1,66.38,22.6
2024/3/22 02:48,69.9,18.2,64.76,70.1,19.1,66.38,22.76
2024/3/22 02:49,69.9,18.3,64.94,70.1,19.2,66.56,22.66
2024/3/22 02:50,69.9,18.2,64.76,70.2,19.1,66.38,22.57
2024/3/22 02:51,69.9,18.2,64.76,70.1,19.2,66.56,22.73
2024/3/22 02:52,70,18.2,64.76,70.4,19.2,66.56,22.48
2024/3/22 02:54,70.1,18.2,64.76,70.1,19.1,66.38,22.76
2024/3/22 02:55,69.9,18.2,64.76,70.4,19.1,66.38,22.68
2024/3/22 02:56,70.2,18.2,64.76,70.7,19.1,66.38,22.8
2024/3/22 02:57,70.3,18.2,64.76,70.3,19.1,66.38,22.69
2024/3/22 02:58,70.2,18.2,64.76,70.3,19,66.2,22.58
2024/3/22 02:59,70.2,18.2,64.76,70.3,19.1,66.38,22.42
2024/3/22 03:00,70.1,18.2,64.76,70.4,19.1,66.38,22.57
2024/3/22 03:01,70.2,18.2,64.76,70.1,19.1,66.38,22.43
2024/3/22 03:03,70.2,18.2,64.76,70.4,19.1,66.38,22.62
2024/3/22 03:04,70.2,18.2,64.76,70.3,19.1,66.38,22.46
2024/3/22 03:05,70.4,18.2,64.76,70.6,19.1,66.38,22.54
2024/3/22 03:06,70.3,18.2,64.76,70.6,19,66.2,22.19
2024/3/22 03:07,70.3,18.2,64.76,70.6,19,66.2,22.37
2024/3/22 03:08,70.3,18.2,64.76,70.5,19,66.2,22.55
2024/3/22 03:09,70.4,18.1,64.58,70.6,19,66.2,22.41
2024/3/22 03:11,70.5,18.2,64.76,70.7,19,66.2,22.32
2024/3/22 03:12,70.5,18.2,64.76,71.1,19,66.2,21.87
2024/3/22 03:13,70.6,18.1,64.58,70.9,18.9,66.02,22.42
2024/3/22 03:14,70.5,18.1,64.58,71,19,66.2,22.18
2024/3/22 03:15,70.5,18.1,64.58,70.5,19,66.2,22.03
2024/3/22 03:16,70.7,18.1,64.58,71,19,66.2,22.21
2024/3/22 03:17,70.8,18.1,64.58,71.6,19,66.2,22.25
2024/3/22 03:19,70.8,18.1,64.58,70.9,19,66.2,22.12
2024/3/22 03:20,70.8,18.1,64.58,70.7,19,66.2,22.25
2024/3/22 03:21,70.8,18.1,64.58,70.7,19,66.2,22.22
