2024/04/10 10:57:17,82.4,21.2,70.16,79.1,21.8,71.24,12.4,0.0,0.0
2024/04/10 10:58:28,83.7,21.2,70.16,78.9,21.8,71.24,29.68,0.0,0.0
2024/04/10 10:59:42,83.4,21.3,70.34,78.7,21.8,71.24,29.71,0.0,1.0
2024/04/10 11:00:51,83.3,21.4,70.52,78.6,21.9,71.42,29.91,0.0,0.0
2024/04/10 11:02:03,83.6,21.4,70.52,78.5,21.9,71.42,29.98,0.0,0.0
2024/04/10 11:03:13,82.7,21.5,70.7,78.4,21.9,71.42,29.92,0.0,0.0
2024/04/10 11:04:25,83.5,21.5,70.7,78.4,21.9,71.42,30.05,0.0,0.0
2024/04/10 11:05:35,83.3,21.6,70.88,78.5,22.0,71.6,30.09,0.0,0.0
2024/04/10 11:06:43,82.9,21.6,70.88,78.6,21.9,71.42,544.82,0.0,0.0
2024/04/10 11:07:52,82.6,21.6,70.88,82.6,21.9,71.42,604.53,0.0,0.0
2024/04/10 11:10:25,81.4,21.6,70.88,90.6,21.7,71.06,600.78,0.0,0.0
2024/04/10 11:11:35,80.7,21.7,71.06,90.0,21.5,70.7,611.69,0.0,86.0
2024/04/10 11:12:46,80.2,21.8,71.24,89.5,21.4,70.52,588.57,0.0,73.0
2024/04/10 11:13:59,79.6,21.9,71.42,89.1,21.2,70.16,605.36,0.0,117.0
2024/04/10 11:15:12,79.5,22.0,71.6,92.3,21.1,69.98,603.8,0.0,119.0
2024/04/10 11:17:40,78.6,22.0,71.6,91.9,20.9,69.62,605.59,0.0,117.0
2024/04/10 11:18:53,78.5,22.0,71.6,91.4,20.8,69.44,605.21,0.0,117.0
2024/04/10 11:21:25,78.2,22.0,71.6,91.5,20.7,69.26,604.66,0.0,121.0
2024/04/10 11:22:34,78.1,22.1,71.78,91.3,20.7,69.26,604.11,0.0,121.0
2024/04/10 11:23:44,78.1,22.1,71.78,91.2,20.7,69.26,603.585,0.0,122.0
2024/04/10 11:26:16,77.9,22.1,71.78,91.2,20.7,69.26,603.06,0.0,125.0
2024/04/10 11:28:47,77.8,22.1,71.78,92.2,20.6,69.08,602.89,0.0,126.0
2024/04/10 11:31:23,77.9,22.0,71.6,91.8,20.6,69.08,602.21,0.0,125.0
2024/04/10 11:32:34,77.9,22.0,71.6,91.2,20.5,68.9,602.26,0.0,127.0
2024/04/10 11:33:48,77.9,22.0,71.6,91.7,20.5,68.9,601.82,0.0,126.0
2024/04/10 11:34:55,78.0,22.1,71.78,91.4,20.5,68.9,601.49,0.0,127.0
2024/04/10 11:36:07,78.2,22.1,71.78,91.4,20.5,68.9,601.52,0.0,132.0
2024/04/10 11:38:32,78.0,22.1,71.78,92.0,20.5,68.9,601.05,0.0,133.0
2024/04/10 11:39:46,78.0,22.1,71.78,92.2,20.5,68.9,600.83,0.0,133.0
2024/04/10 11:40:56,77.9,22.1,71.78,92.3,20.5,68.9,600.65,0.0,135.0
2024/04/10 11:42:08,77.9,22.1,71.78,92.1,20.5,68.9,600.29,0.0,135.0
2024/04/10 11:44:50,77.8,22.1,71.78,92.2,20.6,69.08,599.77,0.0,137.0
2024/04/10 11:45:59,77.7,22.1,71.78,92.4,20.6,69.08,599.6,0.0,137.0
2024/04/10 11:47:09,77.7,22.1,71.78,92.1,20.6,69.08,599.43,0.0,137.0
2024/04/10 11:48:19,77.7,22.1,71.78,92.4,20.6,69.08,599.22,0.0,137.0
2024/04/10 11:49:29,77.6,22.1,71.78,91.9,20.6,69.08,598.99,0.0,140.0
2024/04/10 11:50:36,77.6,22.1,71.78,92.1,20.5,68.9,598.88,0.0,139.0
2024/04/10 11:51:50,77.5,22.1,71.78,92.5,20.5,68.9,598.79,0.0,139.0
2024/04/10 11:52:58,77.5,22.1,71.78,92.3,20.5,68.9,598.58,0.0,141.0
2024/04/10 11:54:05,77.6,22.1,71.78,92.7,20.5,68.9,598.47,0.0,141.0
2024/04/10 11:55:15,77.6,22.1,71.78,92.7,20.5,68.9,598.11,0.0,141.0
2024/04/10 11:56:23,77.8,22.1,71.78,92.7,20.5,68.9,598.14,0.0,142.0
2024/04/10 11:57:35,77.7,22.0,71.6,92.6,20.5,68.9,597.9,0.0,141.0
2024/04/10 11:58:45,77.6,22.1,71.78,92.8,20.5,68.9,597.74,0.0,143.0
2024/04/10 11:59:57,77.6,22.0,71.6,92.4,20.5,68.9,597.59,0.0,142.0
2024/04/10 12:01:06,77.6,22.0,71.6,92.4,20.4,68.72,597.31,0.0,143.0
2024/04/10 12:02:20,77.6,22.0,71.6,92.6,20.4,68.72,597.12,0.0,147.0
2024/04/10 12:03:31,77.6,22.0,71.6,92.3,20.4,68.72,596.99,0.0,147.0
2024/04/10 12:04:39,77.6,22.0,71.6,92.6,20.4,68.72,596.9,0.0,149.0
2024/04/10 12:05:48,77.7,22.0,71.6,92.4,20.4,68.72,596.56,0.0,149.0
2024/04/10 12:06:59,77.7,22.0,71.6,92.8,20.4,68.72,596.39,0.0,147.0
2024/04/10 12:08:09,77.6,22.0,71.6,92.8,20.4,68.72,596.27,0.0,147.0
2024/04/10 12:09:19,77.7,22.0,71.6,93.1,20.4,68.72,596.05,0.0,148.0
2024/04/10 12:10:32,77.6,22.0,71.6,93.5,20.4,68.72,595.92,0.0,149.0
2024/04/10 12:11:43,77.6,22.0,71.6,92.6,20.4,68.72,595.83,0.0,150.0
2024/04/10 12:12:48,77.7,22.0,71.6,92.8,20.4,68.72,595.56,0.0,151.0
2024/04/10 12:13:56,77.6,22.0,71.6,92.7,20.4,68.72,595.41,0.0,151.0
2024/04/10 12:15:05,77.7,22.0,71.6,93.0,20.4,68.72,595.15,0.0,151.0
2024/04/10 12:16:15,77.7,22.0,71.6,92.7,20.4,68.72,595.08,0.0,151.0
2024/04/10 12:17:28,77.7,22.0,71.6,93.0,20.4,68.72,594.93,0.0,151.0
2024/04/10 12:18:36,77.8,21.9,71.42,93.4,20.4,68.72,594.76,0.0,153.0
2024/04/10 12:19:45,77.8,21.9,71.42,93.0,20.4,68.72,594.62,0.0,153.0
2024/04/10 12:20:56,77.7,21.9,71.42,92.8,20.4,68.72,594.44,0.0,153.0
2024/04/10 12:22:05,77.8,22.0,71.6,93.1,20.4,68.72,594.26,0.0,151.0
2024/04/10 12:23:19,77.8,22.0,71.6,92.9,20.4,68.72,594.08,0.0,153.0
2024/04/10 12:24:32,77.8,22.0,71.6,93.0,20.4,68.72,593.98,0.0,152.0
2024/04/10 12:25:45,77.8,22.0,71.6,92.8,20.4,68.72,593.81,0.0,153.0
2024/04/10 12:26:58,77.8,21.9,71.42,92.3,20.4,68.72,593.71,0.0,153.0
2024/04/10 12:28:07,77.8,21.9,71.42,93.3,20.4,68.72,593.55,0.0,155.0
2024/04/10 12:29:17,77.8,21.9,71.42,92.5,20.4,68.72,593.26,0.0,155.0
2024/04/10 12:30:30,77.8,21.9,71.42,93.0,20.4,68.72,593.06,0.0,154.0
2024/04/10 12:31:42,77.8,21.9,71.42,92.8,20.4,68.72,593.14,0.0,153.0
2024/04/10 12:32:48,77.8,21.9,71.42,92.8,20.4,68.72,592.93,0.0,153.0
2024/04/10 12:34:02,77.9,22.0,71.6,93.3,20.4,68.72,592.76,0.0,154.0
2024/04/10 12:35:11,78.0,21.9,71.42,93.2,20.4,68.72,592.41,0.0,153.0
2024/04/10 12:36:22,77.9,21.9,71.42,93.4,20.4,68.72,592.3,0.0,155.0
2024/04/10 12:37:31,77.9,22.0,71.6,93.8,20.4,68.72,592.33,0.0,154.0
2024/04/10 12:38:41,77.9,21.9,71.42,93.3,20.4,68.72,592.23,0.0,155.0
2024/04/10 12:39:51,77.8,21.9,71.42,93.7,20.4,68.72,592.01,0.0,156.0
2024/04/10 12:41:03,77.9,21.9,71.42,93.7,20.4,68.72,591.8,0.0,156.0
2024/04/10 12:42:13,77.9,21.9,71.42,93.5,20.4,68.72,591.81,0.0,156.0
2024/04/10 12:43:20,77.9,21.9,71.42,93.8,20.4,68.72,591.65,0.0,159.0
2024/04/10 12:44:30,78.0,21.9,71.42,93.7,20.4,68.72,591.61,0.0,158.0
2024/04/10 12:45:39,78.1,21.9,71.42,93.4,20.4,68.72,591.21,0.0,158.0
2024/04/10 12:46:49,78.1,21.9,71.42,93.6,20.4,68.72,590.99,0.0,159.0
2024/04/10 12:47:59,78.1,21.9,71.42,93.7,20.5,68.9,590.98,0.0,158.0
2024/04/10 12:49:08,78.1,21.9,71.42,93.0,20.4,68.72,590.85,0.0,159.0
2024/04/10 12:50:21,78.2,21.9,71.42,93.4,20.5,68.9,587.3,0.0,141.0
2024/04/10 12:51:33,78.2,21.9,71.42,93.0,20.5,68.9,582.94,0.0,133.0
2024/04/10 12:52:47,78.2,21.9,71.42,93.0,20.5,68.9,582.85,0.0,133.0
2024/04/10 12:53:55,78.2,22.0,71.6,93.0,20.5,68.9,582.83,0.0,132.0
2024/04/10 12:55:05,78.2,22.0,71.6,93.0,20.5,68.9,582.82,0.0,125.0
2024/04/10 12:56:15,78.2,22.0,71.6,93.4,20.5,68.9,582.55,0.0,127.0
2024/04/10 12:57:30,78.2,22.0,71.6,93.1,20.5,68.9,582.39,0.0,127.0
2024/04/10 12:58:39,78.2,21.9,71.42,93.1,20.5,68.9,582.34,0.0,127.0
2024/04/10 12:59:53,78.2,21.9,71.42,93.3,20.5,68.9,582.18,0.0,125.0
2024/04/10 13:01:07,78.2,21.9,71.42,92.9,20.5,68.9,582.13,0.0,126.0
2024/04/10 13:03:32,78.2,21.9,71.42,93.3,20.5,68.9,581.83,0.0,125.0
2024/04/10 13:04:41,78.2,21.9,71.42,93.5,20.5,68.9,581.65,0.0,125.0
2024/04/10 13:05:47,78.2,21.9,71.42,93.7,20.5,68.9,581.75,0.0,124.0
2024/04/10 13:06:56,78.3,21.9,71.42,93.3,20.4,68.72,581.46,0.0,127.0
2024/04/10 13:08:07,78.2,21.9,71.42,93.5,20.5,68.9,581.33,0.0,125.0
2024/04/10 13:10:36,78.2,21.9,71.42,93.1,20.5,68.9,581.25,0.0,127.0
2024/04/10 13:11:45,78.3,21.9,71.42,93.4,20.5,68.9,581.05,0.0,125.0
2024/04/10 13:12:56,78.3,21.9,71.42,92.7,20.5,68.9,581.0,0.0,125.0
2024/04/10 13:14:08,78.3,21.9,71.42,93.3,20.5,68.9,580.85,0.0,126.0
2024/04/10 13:15:17,78.3,21.9,71.42,93.2,20.5,68.9,580.6,0.0,125.0
2024/04/10 13:16:25,78.3,21.9,71.42,92.9,20.5,68.9,580.55,0.0,123.0
2024/04/10 13:18:49,78.3,21.9,71.42,93.0,20.5,68.9,580.55,0.0,127.0
2024/04/10 13:21:16,78.3,21.9,71.42,93.5,20.5,68.9,580.07,0.0,127.0
2024/04/10 13:22:26,78.4,21.9,71.42,93.5,20.5,68.9,580.1,0.0,126.0
2024/04/10 13:23:36,78.3,21.9,71.42,93.8,20.5,68.9,579.91,0.0,125.0
2024/04/10 13:24:46,78.3,21.9,71.42,93.5,20.5,68.9,579.82,0.0,127.0
2024/04/10 13:25:55,78.3,21.9,71.42,93.4,20.5,68.9,579.85,0.0,125.0
2024/04/10 13:27:04,78.4,21.9,71.42,93.6,20.5,68.9,579.68,0.0,125.0
2024/04/10 13:28:13,78.3,21.9,71.42,93.1,20.5,68.9,579.4,0.0,126.0
2024/04/10 13:29:20,78.4,21.9,71.42,93.2,20.5,68.9,579.38,0.0,125.0
2024/04/10 13:30:30,78.4,21.9,71.42,93.2,20.5,68.9,579.35,0.0,127.0
2024/04/10 13:31:38,78.4,21.9,71.42,93.2,20.5,68.9,579.31,0.0,127.0
2024/04/10 13:32:49,78.4,21.9,71.42,93.5,20.5,68.9,579.18,0.0,127.0
2024/04/10 13:34:00,78.4,21.9,71.42,93.3,20.5,68.9,578.97,0.0,127.0
2024/04/10 13:35:13,78.4,21.9,71.42,93.5,20.5,68.9,578.85,0.0,127.0
2024/04/10 13:36:24,78.4,21.9,71.42,93.3,20.5,68.9,578.66,0.0,125.0
2024/04/10 13:37:37,78.4,21.9,71.42,93.0,20.5,68.9,578.62,0.0,125.0
2024/04/10 13:38:48,78.4,21.9,71.42,93.0,20.5,68.9,578.48,0.0,127.0
2024/04/10 13:41:26,78.5,21.9,71.42,93.3,20.5,68.9,578.23,0.0,127.0
2024/04/10 13:42:41,78.5,21.9,71.42,93.7,20.5,68.9,578.21,0.0,127.0
2024/04/10 13:43:52,78.5,21.9,71.42,93.6,20.5,68.9,578.09,0.0,127.0
2024/04/10 13:45:03,78.5,21.9,71.42,93.9,20.5,68.9,578.01,0.0,126.0
2024/04/10 13:47:34,78.5,21.9,71.42,93.3,20.5,68.9,577.65,0.0,127.0
2024/04/10 13:48:46,78.6,21.9,71.42,93.2,20.5,68.9,577.58,0.0,127.0
2024/04/10 13:49:54,78.6,21.9,71.42,93.2,20.5,68.9,577.6,0.0,127.0
2024/04/10 13:51:09,78.6,21.9,71.42,93.4,20.5,68.9,577.43,0.0,133.0
2024/04/10 13:53:41,78.6,21.9,71.42,93.4,20.5,68.9,577.18,0.0,127.0
2024/04/10 13:54:54,78.6,21.9,71.42,93.7,20.5,68.9,577.2,0.0,125.0
2024/04/10 13:56:09,78.5,21.9,71.42,93.3,20.5,68.9,576.84,0.0,131.0
2024/04/10 13:57:22,78.6,21.9,71.42,92.7,20.5,68.9,576.76,0.0,127.0
2024/04/10 13:58:34,78.6,21.9,71.42,92.8,20.5,68.9,576.68,0.0,133.0
2024/04/10 13:59:48,78.6,21.9,71.42,93.1,20.5,68.9,576.58,0.0,127.0
2024/04/10 14:01:02,78.6,21.9,71.42,93.4,20.5,68.9,576.34,0.0,127.0
2024/04/10 14:02:15,78.7,21.9,71.42,93.2,20.5,68.9,576.32,0.0,125.0
2024/04/10 14:03:24,78.6,21.9,71.42,93.3,20.5,68.9,576.18,0.0,127.0
2024/04/10 14:04:35,78.6,21.9,71.42,93.7,20.5,68.9,576.1,0.0,132.0
2024/04/10 14:05:49,78.6,21.9,71.42,93.7,20.5,68.9,575.82,0.0,126.0
2024/04/10 14:07:03,78.7,21.9,71.42,93.2,20.5,68.9,575.7,0.0,127.0
2024/04/10 14:08:14,78.6,21.9,71.42,93.4,20.5,68.9,575.69,0.0,127.0
2024/04/10 14:09:21,78.6,21.9,71.42,93.1,20.5,68.9,575.46,0.0,127.0
2024/04/10 14:10:29,78.7,21.9,71.42,93.0,20.5,68.9,575.29,0.0,127.0
2024/04/10 14:11:37,78.6,21.9,71.42,93.1,20.5,68.9,575.25,0.0,133.0
2024/04/10 14:12:46,78.7,21.9,71.42,93.5,20.5,68.9,575.19,0.0,127.0
2024/04/10 14:13:54,78.7,21.9,71.42,93.7,20.5,68.9,574.91,0.0,127.0
2024/04/10 14:16:24,78.7,21.9,71.42,93.3,20.5,68.9,574.73,0.0,127.0
2024/04/10 14:17:31,78.7,21.9,71.42,93.3,20.5,68.9,574.64,0.0,127.0
2024/04/10 14:18:46,78.7,21.9,71.42,93.3,20.5,68.9,574.52,0.0,128.0
2024/04/10 14:19:55,78.7,21.9,71.42,93.3,20.5,68.9,574.36,0.0,126.0
2024/04/10 14:21:08,78.7,21.9,71.42,93.2,20.5,68.9,574.38,0.0,127.0
2024/04/10 14:22:14,78.7,21.9,71.42,93.5,20.5,68.9,574.29,0.0,133.0
2024/04/10 14:23:24,78.7,21.9,71.42,93.3,20.5,68.9,574.03,0.0,133.0
2024/04/10 14:24:35,78.8,21.9,71.42,93.4,20.5,68.9,574.05,0.0,133.0
2024/04/10 14:25:49,78.8,21.9,71.42,93.4,20.5,68.9,573.93,0.0,135.0
2024/04/10 14:27:01,78.8,21.9,71.42,93.5,20.5,68.9,573.78,0.0,133.0
2024/04/10 14:28:12,78.8,21.9,71.42,93.6,20.5,68.9,573.67,0.0,127.0
2024/04/10 14:29:20,78.8,21.9,71.42,93.6,20.5,68.9,573.41,0.0,127.0
2024/04/10 14:30:31,78.8,21.9,71.42,93.5,20.6,69.08,573.4,0.0,127.0
2024/04/10 14:31:41,78.8,21.9,71.42,93.3,20.5,68.9,573.17,0.0,127.0
2024/04/10 14:32:54,78.8,21.9,71.42,93.3,20.5,68.9,573.06,0.0,127.0
2024/04/10 14:34:06,78.8,21.9,71.42,93.5,20.6,69.08,572.8,0.0,125.0
2024/04/10 14:35:16,78.8,21.9,71.42,93.5,20.5,68.9,572.7,0.0,127.0
2024/04/10 14:36:25,78.8,21.9,71.42,93.5,20.6,69.08,572.55,0.0,127.0
2024/04/10 14:37:36,78.8,21.9,71.42,93.1,20.6,69.08,572.47,0.0,127.0
2024/04/10 14:38:48,78.8,21.9,71.42,93.1,20.5,68.9,572.35,0.0,125.0
2024/04/10 14:39:58,78.8,21.9,71.42,93.8,20.6,69.08,572.26,0.0,127.0
2024/04/10 14:41:10,78.8,21.9,71.42,93.2,20.6,69.08,571.99,0.0,126.0
2024/04/10 14:42:19,78.8,21.9,71.42,93.4,20.5,68.9,572.01,0.0,127.0
2024/04/10 14:43:31,78.8,21.9,71.42,93.4,20.6,69.08,571.8,0.0,126.0
2024/04/10 14:44:40,78.8,21.9,71.42,93.4,20.5,68.9,571.74,0.0,127.0
2024/04/10 14:45:54,78.8,21.9,71.42,93.5,20.6,69.08,571.53,0.0,126.0
2024/04/10 14:47:04,78.8,21.9,71.42,93.7,20.6,69.08,571.28,0.0,125.0
2024/04/10 14:48:12,78.8,21.9,71.42,93.4,20.5,68.9,571.05,0.0,126.0
2024/04/10 14:49:19,78.9,21.9,71.42,93.3,20.6,69.08,570.96,0.0,125.0
2024/04/10 14:50:27,78.9,21.9,71.42,93.4,20.5,68.9,570.94,0.0,125.0
2024/04/10 14:51:39,78.8,21.9,71.42,93.6,20.6,69.08,570.93,0.0,126.0
2024/04/10 14:54:06,78.9,21.9,71.42,93.6,20.5,68.9,570.45,0.0,125.0
2024/04/10 14:55:17,78.8,21.9,71.42,93.5,20.6,69.08,570.21,0.0,125.0
2024/04/10 14:57:52,78.9,21.9,71.42,93.5,20.6,69.08,569.88,0.0,125.0
2024/04/10 14:59:04,78.9,21.9,71.42,93.1,20.6,69.08,569.32,0.0,125.0
2024/04/10 15:00:13,78.9,21.9,71.42,93.8,20.6,69.08,569.34,0.0,125.0
2024/04/10 15:01:23,79.0,21.9,71.42,93.9,20.6,69.08,569.01,0.0,127.0
2024/04/10 15:02:31,78.9,21.9,71.42,93.5,20.6,69.08,569.0,0.0,126.0
2024/04/10 15:03:41,78.9,21.9,71.42,93.4,20.6,69.08,568.63,0.0,125.0
2024/04/10 15:04:51,78.9,21.9,71.42,93.5,20.6,69.08,568.44,0.0,126.0
2024/04/10 15:05:59,78.9,21.9,71.42,93.6,20.6,69.08,568.25,0.0,125.0
2024/04/10 15:07:13,78.9,21.9,71.42,93.5,20.6,69.08,568.23,0.0,125.0
2024/04/10 15:08:24,78.9,21.9,71.42,93.8,20.6,69.08,567.95,0.0,125.0
2024/04/10 15:09:37,79.0,21.9,71.42,93.9,20.5,68.9,567.64,0.0,123.0
2024/04/10 15:10:47,79.0,21.9,71.42,93.7,20.6,69.08,567.55,0.0,125.0
2024/04/10 15:11:57,79.0,21.9,71.42,93.8,20.6,69.08,567.16,0.0,123.0
2024/04/10 15:13:08,79.0,22.0,71.6,93.5,20.6,69.08,566.94,0.0,124.0
2024/04/10 15:15:39,79.0,21.9,71.42,93.8,20.6,69.08,566.52,0.0,125.0
2024/04/10 15:16:52,79.0,22.0,71.6,93.6,20.6,69.08,566.24,0.0,125.0
2024/04/10 15:18:00,79.0,22.0,71.6,94.0,20.6,69.08,566.1,0.0,124.0
2024/04/10 15:19:11,79.0,22.0,71.6,94.1,20.6,69.08,565.79,0.0,123.0
2024/04/10 15:20:19,79.0,22.0,71.6,94.2,20.6,69.08,565.63,0.0,124.0
2024/04/10 15:21:30,79.0,22.0,71.6,94.1,20.6,69.08,565.27,0.0,123.0
2024/04/10 15:22:38,79.1,22.0,71.6,93.8,20.6,69.08,565.1,0.0,123.0
2024/04/10 15:23:46,79.0,22.0,71.6,94.1,20.6,69.08,564.81,0.0,123.0
2024/04/10 15:24:57,79.0,22.0,71.6,94.0,20.6,69.08,564.49,0.0,123.0
2024/04/10 15:26:09,79.1,22.0,71.6,94.2,20.6,69.08,564.34,0.0,123.0
2024/04/10 15:27:23,79.1,22.0,71.6,94.0,20.6,69.08,564.06,0.0,121.0
2024/04/10 15:28:31,79.1,22.0,71.6,94.4,20.6,69.08,563.85,0.0,121.0
2024/04/10 15:29:44,79.1,22.0,71.6,94.0,20.6,69.08,563.62,0.0,123.0
2024/04/10 15:30:53,79.1,22.0,71.6,93.8,20.6,69.08,563.24,0.0,122.0
2024/04/10 15:32:02,79.1,22.0,71.6,93.4,20.6,69.08,563.07,0.0,121.0
2024/04/10 15:33:14,79.1,22.0,71.6,93.7,20.6,69.08,562.81,0.0,122.0
2024/04/10 15:34:25,79.1,22.0,71.6,93.5,20.6,69.08,562.54,0.0,123.0
2024/04/10 15:35:36,79.1,22.0,71.6,93.5,20.6,69.08,562.28,0.0,121.0
2024/04/10 15:36:49,79.1,22.0,71.6,93.5,20.6,69.08,561.98,0.0,122.0
2024/04/10 15:38:03,79.1,22.0,71.6,93.5,20.6,69.08,561.72,0.0,121.0
2024/04/10 15:39:14,79.1,22.0,71.6,93.6,20.6,69.08,561.59,0.0,121.0
2024/04/10 15:40:23,79.1,22.0,71.6,93.6,20.6,69.08,561.32,0.0,121.0
2024/04/10 15:41:34,79.1,22.0,71.6,93.9,20.6,69.08,561.16,0.0,121.0
2024/04/10 15:42:44,79.1,22.0,71.6,94.2,20.6,69.08,560.98,0.0,119.0
2024/04/10 15:43:57,79.1,22.0,71.6,93.9,20.6,69.08,560.68,0.0,121.0
2024/04/10 15:45:08,79.1,22.0,71.6,93.8,20.6,69.08,560.35,0.0,120.0
2024/04/10 15:46:20,79.1,22.0,71.6,93.5,20.6,69.08,560.32,0.0,119.0
2024/04/10 15:47:30,79.1,22.0,71.6,93.9,20.6,69.08,560.04,0.0,120.0
2024/04/10 15:48:41,79.1,22.0,71.6,93.7,20.6,69.08,559.85,0.0,119.0
2024/04/10 15:51:07,79.1,22.0,71.6,93.9,20.6,69.08,559.37,0.0,121.0
2024/04/10 15:52:16,79.1,22.0,71.6,93.7,20.6,69.08,559.18,0.0,121.0
2024/04/10 15:54:41,79.1,22.0,71.6,93.4,20.6,69.08,558.69,0.0,121.0
2024/04/10 15:55:50,79.1,22.0,71.6,93.6,20.6,69.08,558.4,0.0,121.0
2024/04/10 15:56:58,79.1,22.0,71.6,93.2,20.6,69.08,558.16,0.0,119.0
2024/04/10 15:58:08,79.2,22.0,71.6,93.6,20.6,69.08,558.075,0.0,121.0
2024/04/10 15:59:21,79.1,22.0,71.6,93.6,20.6,69.08,557.99,0.0,119.0
2024/04/10 16:00:33,79.1,22.0,71.6,93.8,20.6,69.08,557.89,0.0,120.0
2024/04/10 16:01:43,79.2,22.0,71.6,93.6,20.6,69.08,557.53,0.0,117.0
2024/04/10 16:02:50,79.1,22.0,71.6,93.7,20.6,69.08,557.35,0.0,120.0
2024/04/10 16:03:55,79.2,22.0,71.6,93.7,20.6,69.08,557.25,0.0,119.0
2024/04/10 16:05:07,79.1,22.0,71.6,94.0,20.6,69.08,557.03,0.0,117.0
2024/04/10 16:06:16,79.2,22.0,71.6,93.7,20.6,69.08,556.75,0.0,118.0
2024/04/10 16:07:27,79.2,22.0,71.6,93.4,20.6,69.08,545.38,0.0,124.0
2024/04/10 16:08:41,79.1,22.0,71.6,93.6,20.6,69.08,545.54,0.0,122.0
2024/04/10 16:09:51,79.2,22.0,71.6,93.7,20.6,69.08,545.66,0.0,121.0
2024/04/10 16:11:00,79.2,22.0,71.6,94.1,20.6,69.08,545.69,0.0,121.0
2024/04/10 16:12:13,79.2,22.0,71.6,93.9,20.6,69.08,545.6,0.0,119.0
2024/04/10 16:13:23,79.2,22.0,71.6,93.8,20.6,69.08,545.45,0.0,118.0
2024/04/10 16:14:34,79.2,22.0,71.6,93.8,20.6,69.08,545.42,0.0,121.0
2024/04/10 16:15:44,79.2,22.0,71.6,93.8,20.6,69.08,545.38,0.0,117.0
2024/04/10 16:16:57,79.3,22.0,71.6,93.7,20.6,69.08,545.28,0.0,115.0
2024/04/10 16:18:07,79.3,22.0,71.6,93.7,20.6,69.08,545.24,0.0,117.0
2024/04/10 16:20:39,79.3,22.0,71.6,93.6,20.7,69.26,544.91,0.0,119.0
2024/04/10 16:21:51,79.3,22.0,71.6,93.7,20.7,69.26,544.95,0.0,117.0
2024/04/10 16:23:05,79.3,22.0,71.6,93.6,20.7,69.26,544.94,0.0,117.0
2024/04/10 16:24:15,79.3,22.0,71.6,93.4,20.7,69.26,544.85,0.0,116.0
2024/04/10 16:25:26,79.3,22.1,71.78,93.2,20.7,69.26,544.78,0.0,117.0
2024/04/10 16:26:40,79.3,22.0,71.6,93.6,20.7,69.26,543.71,0.0,116.0
2024/04/10 16:29:08,79.3,22.1,71.78,93.7,20.7,69.26,543.5,0.0,119.0
2024/04/10 16:30:20,79.3,22.1,71.78,93.1,20.7,69.26,543.43,0.0,117.0
2024/04/10 16:31:31,79.3,22.1,71.78,93.3,20.8,69.44,543.44,0.0,116.0
2024/04/10 16:32:43,79.3,22.1,71.78,93.2,20.7,69.26,543.35,0.0,117.0
2024/04/10 16:33:53,79.3,22.1,71.78,93.0,20.7,69.26,543.26,0.0,117.0
2024/04/10 16:35:06,79.3,22.1,71.78,92.9,20.7,69.26,543.33,0.0,116.0
2024/04/10 16:36:15,79.3,22.1,71.78,93.0,20.7,69.26,543.16,0.0,116.0
2024/04/10 16:37:26,79.3,22.1,71.78,93.0,20.7,69.26,543.0,0.0,116.0
2024/04/10 16:38:41,79.2,22.1,71.78,92.5,20.8,69.44,542.995,0.0,115.0
2024/04/10 16:39:51,79.2,22.1,71.78,92.9,20.7,69.26,542.99,0.0,111.0
2024/04/10 16:41:04,79.3,22.1,71.78,92.9,20.8,69.44,542.99,0.0,112.0
2024/04/10 16:42:13,79.2,22.1,71.78,93.0,20.7,69.26,543.01,0.0,113.0
2024/04/10 16:43:26,79.2,22.1,71.78,93.2,20.7,69.26,542.66,0.0,114.0
2024/04/10 16:44:37,79.2,22.1,71.78,93.0,20.7,69.26,542.65,0.0,115.0
2024/04/10 16:45:44,79.2,22.1,71.78,93.2,20.7,69.26,542.55,0.0,115.0
2024/04/10 16:46:56,79.2,22.1,71.78,93.5,20.7,69.26,542.41,0.0,114.0
2024/04/10 16:48:10,79.2,22.1,71.78,93.7,20.7,69.26,542.52,0.0,115.0
2024/04/10 16:49:19,79.2,22.1,71.78,93.3,20.7,69.26,542.26,0.0,111.0
2024/04/10 16:50:28,79.2,22.1,71.78,93.3,20.7,69.26,542.27,0.0,115.0
2024/04/10 16:51:37,79.2,22.1,71.78,93.0,20.7,69.26,542.09,0.0,114.0
2024/04/10 16:52:46,79.2,22.1,71.78,93.2,20.7,69.26,542.02,0.0,115.0
2024/04/10 16:55:14,79.2,22.1,71.78,93.4,20.7,69.26,541.86,0.0,111.0
2024/04/10 16:56:26,79.1,22.1,71.78,92.7,20.7,69.26,541.61,0.0,111.0
2024/04/10 16:57:39,79.1,22.1,71.78,92.8,20.7,69.26,541.62,0.0,113.0
2024/04/10 16:58:52,79.1,22.1,71.78,93.2,20.7,69.26,541.63,0.0,111.0
2024/04/10 17:00:02,79.1,22.1,71.78,93.5,20.7,69.26,541.53,0.0,112.0
2024/04/10 17:01:13,79.1,22.1,71.78,93.3,20.7,69.26,541.33,0.0,111.0
2024/04/10 17:02:24,79.1,22.1,71.78,93.1,20.7,69.26,541.22,0.0,110.0
2024/04/10 17:03:34,79.1,22.1,71.78,93.1,20.7,69.26,541.12,0.0,111.0
2024/04/10 17:04:44,79.1,22.1,71.78,93.0,20.7,69.26,541.12,0.0,111.0
2024/04/10 17:05:52,79.1,22.1,71.78,93.1,20.7,69.26,540.91,0.0,111.0
2024/04/10 17:07:04,79.1,22.1,71.78,92.9,20.7,69.26,540.88,0.0,110.0
2024/04/10 17:08:12,79.1,22.1,71.78,92.7,20.7,69.26,540.58,0.0,109.0
2024/04/10 17:09:25,79.0,22.1,71.78,92.9,20.7,69.26,540.74,0.0,109.0
2024/04/10 17:10:37,79.1,22.1,71.78,92.9,20.7,69.26,540.39,0.0,108.0
2024/04/10 17:11:50,79.0,22.1,71.78,92.8,20.7,69.26,540.25,0.0,109.0
2024/04/10 17:13:00,79.0,22.1,71.78,93.1,20.7,69.26,540.11,0.0,107.0
2024/04/10 17:14:11,79.1,22.1,71.78,93.2,20.7,69.26,540.16,0.0,107.0
2024/04/10 17:15:20,79.0,22.1,71.78,92.9,20.7,69.26,540.0,0.0,109.0
2024/04/10 17:16:31,79.1,22.1,71.78,92.7,20.7,69.26,539.85,0.0,107.0
2024/04/10 17:17:41,79.0,22.1,71.78,93.0,20.7,69.26,539.68,0.0,107.0
2024/04/10 17:18:53,79.0,22.1,71.78,93.1,20.7,69.26,539.69,0.0,109.0
2024/04/10 17:20:06,79.0,22.1,71.78,93.4,20.7,69.26,539.39,0.0,109.0
2024/04/10 17:21:14,79.0,22.1,71.78,93.3,20.7,69.26,539.41,0.0,109.0
2024/04/10 17:23:45,79.0,22.1,71.78,93.3,20.7,69.26,538.97,0.0,107.0
2024/04/10 17:24:54,79.0,22.1,71.78,92.7,20.7,69.26,538.85,0.0,110.0
2024/04/10 17:26:04,79.0,22.1,71.78,93.0,20.7,69.26,538.66,0.0,106.0
2024/04/10 17:28:34,79.0,22.1,71.78,92.8,20.7,69.26,538.07,0.0,107.0
2024/04/10 17:29:47,79.0,22.1,71.78,93.1,20.7,69.26,537.84,0.0,107.0
2024/04/10 17:30:59,79.0,22.1,71.78,92.7,20.7,69.26,537.675,0.0,107.0
2024/04/10 17:32:08,78.9,22.1,71.78,92.8,20.7,69.26,537.51,0.0,107.0
2024/04/10 17:33:19,78.9,22.1,71.78,92.3,20.7,69.26,537.18,0.0,109.0
2024/04/10 17:35:47,78.9,22.1,71.78,92.4,20.7,69.26,536.78,0.0,107.0
2024/04/10 17:38:11,78.9,22.1,71.78,92.8,20.7,69.26,536.33,0.0,107.0
2024/04/10 17:39:26,78.9,22.1,71.78,93.1,20.7,69.26,536.06,0.0,107.0
2024/04/10 17:40:36,78.9,22.1,71.78,93.0,20.7,69.26,535.94,0.0,107.0
2024/04/10 17:43:11,78.9,22.1,71.78,92.8,20.7,69.26,535.38,0.0,107.0
2024/04/10 17:44:22,78.8,22.1,71.78,93.2,20.7,69.26,535.11,0.0,105.0
2024/04/10 17:45:35,78.9,22.1,71.78,93.4,20.7,69.26,535.0,0.0,105.0
2024/04/10 17:48:06,78.9,22.1,71.78,93.3,20.7,69.26,534.55,0.0,105.0
2024/04/10 17:49:19,78.8,22.1,71.78,93.2,20.7,69.26,534.31,0.0,107.0
2024/04/10 17:50:28,78.8,22.1,71.78,92.9,20.7,69.26,534.01,0.0,105.0
2024/04/10 17:51:43,78.8,22.1,71.78,92.8,20.7,69.26,533.84,0.0,105.0
2024/04/10 17:52:56,78.8,22.1,71.78,92.6,20.7,69.26,533.48,0.0,105.0
2024/04/10 17:54:07,78.8,22.1,71.78,93.0,20.7,69.26,533.35,0.0,106.0
2024/04/10 17:55:16,78.8,22.1,71.78,92.5,20.7,69.26,533.13,0.0,105.0
2024/04/10 17:56:30,78.8,22.1,71.78,92.6,20.7,69.26,532.97,0.0,104.0
2024/04/10 17:57:43,78.8,22.1,71.78,92.9,20.7,69.26,532.67,0.0,103.0
2024/04/10 17:58:54,78.8,22.1,71.78,92.7,20.7,69.26,532.47,0.0,105.0
2024/04/10 18:01:22,78.7,22.1,71.78,93.0,20.7,69.26,531.92,0.0,105.0
2024/04/10 18:02:32,78.7,22.1,71.78,92.6,20.7,69.26,525.48,0.0,105.0
2024/04/10 18:03:41,78.7,22.1,71.78,93.3,20.7,69.26,525.48,0.0,105.0
2024/04/10 18:04:52,78.7,22.1,71.78,92.9,20.7,69.26,525.39,0.0,107.0
2024/04/10 18:06:03,78.7,22.1,71.78,93.0,20.7,69.26,525.35,0.0,103.0
2024/04/10 18:08:30,78.6,22.1,71.78,92.0,20.7,69.26,525.4,0.0,103.0
2024/04/10 18:09:36,78.6,22.1,71.78,92.4,20.7,69.26,525.15,0.0,105.0
2024/04/10 18:10:49,78.5,22.1,71.78,92.0,20.7,69.26,525.31,0.0,105.0
2024/04/10 18:11:58,78.5,22.1,71.78,92.2,20.7,69.26,525.24,0.0,103.0
2024/04/10 18:13:09,78.6,22.1,71.78,92.4,20.7,69.26,525.18,0.0,103.0
2024/04/10 18:14:19,78.5,22.1,71.78,92.3,20.7,69.26,525.2,0.0,105.0
2024/04/10 18:15:28,78.5,22.1,71.78,92.2,20.7,69.26,525.09,0.0,101.0
2024/04/10 18:17:55,78.5,22.1,71.78,92.7,20.7,69.26,525.0,0.0,104.0
2024/04/10 18:19:08,78.5,22.1,71.78,92.6,20.6,69.08,524.9,0.0,102.0
2024/04/10 18:20:17,78.4,22.1,71.78,92.5,20.6,69.08,524.8,0.0,103.0
2024/04/10 18:21:29,78.5,22.1,71.78,92.5,20.6,69.08,524.63,0.0,103.0
2024/04/10 18:22:37,78.4,22.1,71.78,92.2,20.6,69.08,524.55,0.0,103.0
2024/04/10 18:23:49,78.5,22.1,71.78,92.2,20.6,69.08,524.59,0.0,103.0
2024/04/10 18:24:57,78.4,22.1,71.78,92.2,20.6,69.08,524.53,0.0,103.0
2024/04/10 18:26:08,78.4,22.1,71.78,91.9,20.6,69.08,524.47,0.0,103.0
2024/04/10 18:27:19,78.4,22.1,71.78,91.8,20.6,69.08,524.36,0.0,103.0
2024/04/10 18:28:32,78.3,22.1,71.78,92.0,20.6,69.08,524.29,0.0,103.0
2024/04/10 18:29:46,78.4,22.1,71.78,92.7,20.6,69.08,524.17,0.0,103.0
2024/04/10 18:30:56,78.3,22.1,71.78,91.9,20.6,69.08,524.03,0.0,102.0
2024/04/10 18:32:07,78.3,22.1,71.78,92.2,20.6,69.08,523.96,0.0,103.0
2024/04/10 18:33:14,78.3,22.1,71.78,92.4,20.6,69.08,523.91,0.0,101.0
2024/04/10 18:34:28,78.3,22.1,71.78,92.4,20.6,69.08,523.77,0.0,101.0
2024/04/10 18:36:53,78.3,22.1,71.78,91.6,20.6,69.08,523.55,0.0,103.0
2024/04/10 18:38:01,78.3,22.1,71.78,92.0,20.6,69.08,523.48,0.0,101.0
2024/04/10 18:39:10,78.2,22.1,71.78,91.6,20.6,69.08,523.39,0.0,102.0
2024/04/10 18:40:25,78.2,22.0,71.6,91.8,20.6,69.08,523.095,0.0,101.0
2024/04/10 18:42:57,78.2,22.1,71.78,92.1,20.6,69.08,522.8,0.0,100.0
2024/04/10 18:44:07,78.2,22.1,71.78,91.5,20.6,69.08,522.88,0.0,102.0
2024/04/10 18:45:14,78.1,22.0,71.6,91.7,20.6,69.08,522.7,0.0,101.0
2024/04/10 18:46:26,78.1,22.0,71.6,91.8,20.6,69.08,522.43,0.0,101.0
2024/04/10 18:47:41,78.1,22.1,71.78,91.7,20.6,69.08,522.26,0.0,101.0
2024/04/10 18:48:52,78.1,22.1,71.78,91.9,20.6,69.08,522.03,0.0,101.0
2024/04/10 18:51:15,78.1,22.0,71.6,91.5,20.6,69.08,521.63,0.0,99.0
2024/04/10 18:52:27,78.0,22.0,71.6,91.7,20.6,69.08,521.59,0.0,101.0
2024/04/10 18:53:39,78.0,22.1,71.78,91.4,20.6,69.08,521.37,0.0,101.0
2024/04/10 18:54:54,78.0,22.0,71.6,91.1,20.6,69.08,521.27,0.0,99.0
2024/04/10 18:57:18,78.0,22.0,71.6,91.2,20.6,69.08,520.77,0.0,101.0
2024/04/10 18:58:33,77.9,22.1,71.78,91.0,20.6,69.08,520.51,0.0,100.0
2024/04/10 19:00:58,77.9,22.0,71.6,91.5,20.6,69.08,520.17,0.0,99.0
2024/04/10 19:02:12,77.9,22.0,71.6,91.4,20.6,69.08,519.95,0.0,100.0
2024/04/10 19:03:23,77.9,22.1,71.78,91.1,20.6,69.08,519.77,0.0,96.0
2024/04/10 19:04:32,77.8,22.1,71.78,91.1,20.6,69.08,519.51,0.0,95.0
2024/04/10 19:05:40,77.8,22.0,71.6,91.2,20.6,69.08,519.29,0.0,99.0
2024/04/10 19:06:51,77.8,22.0,71.6,90.7,20.6,69.08,518.88,0.0,98.0
2024/04/10 19:08:02,77.8,22.0,71.6,91.2,20.6,69.08,518.64,0.0,99.0
2024/04/10 19:09:14,77.8,22.0,71.6,91.4,20.6,69.08,518.49,0.0,95.0
2024/04/10 19:10:23,77.8,22.0,71.6,90.7,20.6,69.08,518.21,0.0,95.0
2024/04/10 19:11:32,77.7,22.0,71.6,91.1,20.6,69.08,518.06,0.0,95.0
2024/04/10 19:12:46,77.7,22.0,71.6,91.0,20.6,69.08,517.64,0.0,95.0
2024/04/10 19:14:00,77.7,22.0,71.6,91.0,20.5,68.9,517.51,0.0,93.0
2024/04/10 19:15:09,77.7,22.1,71.78,91.1,20.5,68.9,517.17,0.0,93.0
2024/04/10 19:16:17,77.7,22.0,71.6,91.4,20.6,69.08,517.06,0.0,93.0
2024/04/10 19:17:29,77.7,22.0,71.6,91.1,20.6,69.08,516.67,0.0,93.0
2024/04/10 19:18:38,77.6,22.1,71.78,91.1,20.6,69.08,516.32,0.0,95.0
2024/04/10 19:19:49,77.6,22.0,71.6,90.8,20.6,69.08,515.96,0.0,95.0
2024/04/10 19:22:13,77.6,22.0,71.6,90.5,20.6,69.08,507.65,0.0,93.0
2024/04/10 19:23:19,77.6,22.0,71.6,91.0,20.6,69.08,508.08,0.0,93.0
2024/04/10 19:24:32,77.7,22.1,71.78,90.4,20.6,69.08,508.29,0.0,91.0
2024/04/10 19:25:45,79.0,22.1,71.78,90.6,20.6,69.08,508.09,0.0,93.0
2024/04/10 19:26:51,79.3,22.2,71.96,91.1,20.6,69.08,508.12,0.0,92.0
2024/04/10 19:28:06,78.5,22.2,71.96,90.7,20.6,69.08,508.34,0.0,93.0
2024/04/10 19:29:17,77.8,22.3,72.14,90.5,20.7,69.26,508.32,0.0,91.0
2024/04/10 19:30:27,77.4,22.2,71.96,89.8,20.7,69.26,502.54,0.0,87.0
2024/04/10 19:31:41,77.2,22.3,72.14,90.3,20.7,69.26,502.69,0.0,88.0
2024/04/10 19:32:51,77.2,22.3,72.14,90.2,20.7,69.26,502.82,0.0,87.0
2024/04/10 19:35:21,77.0,22.3,72.14,89.9,20.7,69.26,503.15,0.0,88.0
2024/04/10 19:36:35,77.0,22.3,72.14,90.2,20.7,69.26,503.17,0.0,83.0
2024/04/10 19:37:48,76.9,22.3,72.14,89.3,20.7,69.26,503.29,0.0,86.0
2024/04/10 19:38:57,77.0,22.3,72.14,90.0,20.7,69.26,503.14,0.0,85.0
2024/04/10 19:41:29,76.9,22.3,72.14,89.7,20.7,69.26,503.44,0.0,85.0
2024/04/10 19:42:41,76.8,22.3,72.14,89.7,20.7,69.26,503.41,0.0,84.0
2024/04/10 19:43:48,76.8,22.3,72.14,90.3,20.7,69.26,503.45,0.0,83.0
2024/04/10 19:45:00,76.8,22.3,72.14,89.9,20.7,69.26,503.36,0.0,83.0
2024/04/10 19:46:10,76.8,22.3,72.14,89.1,20.7,69.26,503.48,0.0,83.0
2024/04/10 19:47:20,76.8,22.3,72.14,89.3,20.7,69.26,502.88,0.0,82.0
2024/04/10 19:48:32,76.8,22.4,72.32,90.5,20.7,69.26,503.08,0.0,83.0
2024/04/10 19:49:43,76.8,22.4,72.32,90.5,20.7,69.26,503.04,0.0,79.0
2024/04/10 19:50:53,76.7,22.4,72.32,89.8,20.8,69.44,503.14,0.0,79.0
2024/04/10 19:52:03,76.7,22.4,72.32,90.0,20.8,69.44,503.32,0.0,79.0
2024/04/10 19:53:16,76.6,22.4,72.32,89.5,20.8,69.44,502.95,0.0,79.0
2024/04/10 19:54:29,76.6,22.4,72.32,89.8,20.8,69.44,502.84,0.0,77.0
2024/04/10 19:56:57,76.6,22.4,72.32,90.1,20.8,69.44,502.84,0.0,76.0
2024/04/10 19:58:12,76.5,22.4,72.32,89.5,20.8,69.44,502.76,0.0,75.0
2024/04/10 20:00:37,76.4,22.4,72.32,89.4,20.8,69.44,502.53,0.0,75.0
2024/04/10 20:01:52,76.3,22.4,72.32,89.3,20.8,69.44,502.33,0.0,73.0
2024/04/10 20:04:20,76.3,22.4,72.32,89.1,20.8,69.44,501.64,0.0,73.0
2024/04/10 20:05:30,76.2,22.4,72.32,89.6,20.8,69.44,501.17,0.0,72.0
2024/04/10 20:06:41,76.2,22.4,72.32,89.2,20.8,69.44,501.36,0.0,73.0
2024/04/10 20:09:12,76.2,22.4,72.32,89.7,20.8,69.44,501.42,0.0,73.0
2024/04/10 20:10:24,76.2,22.4,72.32,89.3,20.9,69.62,501.3,0.0,69.0
2024/04/10 20:11:37,76.1,22.5,72.5,89.6,20.8,69.44,500.79,0.0,71.0
2024/04/10 20:14:08,76.1,22.5,72.5,89.3,20.8,69.44,500.03,0.0,67.0
2024/04/10 20:15:24,76.0,22.5,72.5,89.1,20.9,69.62,500.12,0.0,69.0
2024/04/10 20:16:34,75.9,22.5,72.5,88.5,20.9,69.62,498.03,0.0,64.0
2024/04/10 20:19:04,75.9,22.5,72.5,89.5,20.9,69.62,498.47,0.0,63.0
2024/04/10 20:20:13,75.9,22.5,72.5,89.3,20.9,69.62,498.5,0.0,61.0
2024/04/10 20:21:22,75.8,22.5,72.5,89.5,20.9,69.62,498.56,0.0,61.0
2024/04/10 20:23:56,75.8,22.5,72.5,89.1,20.9,69.62,498.66,0.0,60.0
2024/04/10 20:25:06,75.8,22.5,72.5,89.1,20.9,69.62,498.75,0.0,60.0
2024/04/10 20:26:18,75.8,22.5,72.5,89.2,20.9,69.62,498.56,0.0,59.0
2024/04/10 20:27:30,75.7,22.5,72.5,89.6,20.9,69.62,497.13,0.0,57.0
2024/04/10 20:29:55,75.7,22.5,72.5,89.4,20.9,69.62,497.47,0.0,57.0
2024/04/10 20:31:09,75.6,22.5,72.5,88.7,20.9,69.62,497.53,0.0,55.0
2024/04/10 20:33:41,75.6,22.5,72.5,88.9,21.0,69.8,496.97,0.0,54.0
2024/04/10 20:34:54,75.7,22.5,72.5,89.1,20.9,69.62,496.87,0.0,51.0
2024/04/10 20:36:08,75.7,22.5,72.5,89.0,20.9,69.62,496.55,0.0,53.0
2024/04/10 20:37:19,75.6,22.5,72.5,89.2,20.9,69.62,496.51,0.0,53.0
2024/04/10 20:38:28,75.5,22.5,72.5,89.3,20.9,69.62,495.26,0.0,53.0
2024/04/10 20:39:42,75.5,22.5,72.5,89.7,21.0,69.8,493.54,0.0,48.0
2024/04/10 20:40:49,75.5,22.5,72.5,88.7,21.0,69.8,493.56,0.0,49.0
2024/04/10 20:41:57,75.5,22.5,72.5,88.7,21.0,69.8,493.95,0.0,51.0
2024/04/10 20:43:03,75.5,22.5,72.5,89.9,21.0,69.8,494.05,0.0,47.0
2024/04/10 20:45:33,75.6,22.6,72.68,89.3,21.0,69.8,493.68,0.0,45.0
2024/04/10 20:48:08,75.7,22.6,72.68,89.3,21.0,69.8,493.37,0.0,43.0
2024/04/10 20:49:23,75.6,22.6,72.68,88.5,21.0,69.8,492.5,0.0,45.0
2024/04/10 20:50:31,75.6,22.6,72.68,89.3,21.0,69.8,492.54,0.0,42.0
2024/04/10 20:53:05,75.6,22.6,72.68,89.6,21.0,69.8,492.15,0.0,43.0
2024/04/10 20:55:44,75.4,22.7,72.86,88.8,21.0,69.8,491.37,0.0,41.0
2024/04/10 20:58:14,75.3,22.7,72.86,88.7,21.0,69.8,491.08,0.0,39.0
2024/04/10 20:59:27,75.2,22.7,72.86,89.2,21.0,69.8,491.27,0.0,39.0
2024/04/10 21:00:37,75.3,22.7,72.86,89.4,21.0,69.8,491.27,0.0,37.0
2024/04/10 21:01:48,75.4,22.7,72.86,89.2,21.0,69.8,490.52,0.0,35.0
2024/04/10 21:02:59,75.4,22.7,72.86,89.0,21.0,69.8,490.28,0.0,35.0
2024/04/10 21:04:09,75.3,22.7,72.86,88.5,21.0,69.8,489.48,0.0,37.0
2024/04/10 21:05:23,75.3,22.7,72.86,88.2,21.0,69.8,489.4,0.0,31.0
2024/04/10 21:06:35,75.3,22.7,72.86,88.6,21.0,69.8,489.25,0.0,30.0
2024/04/10 21:07:46,75.3,22.7,72.86,88.3,21.0,69.8,489.44,0.0,31.0
2024/04/10 21:09:00,75.3,22.7,72.86,89.0,21.0,69.8,488.95,0.0,31.0
2024/04/10 21:10:12,75.3,22.7,72.86,88.8,21.0,69.8,488.66,0.0,30.0
2024/04/10 21:12:46,75.3,22.7,72.86,89.3,21.1,69.98,488.24,0.0,29.0
2024/04/10 21:15:20,75.4,22.7,72.86,89.3,21.1,69.98,487.53,0.0,26.0
2024/04/10 21:16:32,75.3,22.7,72.86,89.1,21.1,69.98,487.64,0.0,24.0
2024/04/10 21:17:42,75.3,22.7,72.86,88.8,21.1,69.98,487.24,0.0,23.0
2024/04/10 21:18:56,75.3,22.7,72.86,88.1,21.1,69.98,487.55,0.0,24.0
2024/04/10 21:20:10,75.4,22.7,72.86,88.8,21.1,69.98,487.6,0.0,23.0
2024/04/10 21:21:25,75.3,22.8,73.04,88.5,21.1,69.98,487.68,0.0,22.0
2024/04/10 21:22:40,75.3,22.7,72.86,89.4,21.1,69.98,487.53,0.0,24.0
2024/04/10 21:23:53,75.3,22.8,73.04,89.4,21.1,69.98,487.41,0.0,23.0
2024/04/10 21:25:05,75.4,22.8,73.04,89.4,21.1,69.98,487.31,0.0,21.0
2024/04/10 21:26:16,75.3,22.8,73.04,89.5,21.1,69.98,487.39,0.0,21.0
2024/04/10 21:27:31,75.3,22.8,73.04,89.6,21.1,69.98,487.24,0.0,21.0
2024/04/10 21:28:44,75.3,22.8,73.04,89.6,21.1,69.98,487.11,0.0,18.0
2024/04/10 21:29:57,75.2,22.8,73.04,89.5,21.1,69.98,486.9,0.0,19.0
2024/04/10 21:31:11,75.3,22.8,73.04,89.5,21.1,69.98,486.94,0.0,20.0
2024/04/10 21:32:22,75.3,22.8,73.04,89.4,21.1,69.98,486.66,0.0,18.0
2024/04/10 21:33:36,75.3,22.8,73.04,89.5,21.1,69.98,486.32,0.0,19.0
2024/04/10 21:36:10,75.3,22.8,73.04,89.0,21.2,70.16,485.65,0.0,17.0
2024/04/10 21:37:23,75.3,22.8,73.04,89.5,21.2,70.16,485.64,0.0,12.0
2024/04/10 21:38:36,75.3,22.8,73.04,89.3,21.2,70.16,485.51,0.0,17.0
2024/04/10 21:39:46,75.3,22.8,73.04,89.4,21.2,70.16,485.44,0.0,16.0
2024/04/10 21:41:01,75.4,22.8,73.04,89.5,21.2,70.16,485.04,0.0,17.0
2024/04/10 21:43:31,75.4,22.8,73.04,89.6,21.2,70.16,484.83,0.0,11.0
2024/04/10 21:44:44,75.4,22.8,73.04,89.3,21.2,70.16,484.47,0.0,13.0
2024/04/10 21:45:54,75.4,22.8,73.04,89.1,21.2,70.16,484.51,0.0,11.0
2024/04/10 21:47:08,75.3,22.8,73.04,89.1,21.2,70.16,484.34,0.0,12.0
2024/04/10 21:48:17,75.3,22.8,73.04,89.3,21.2,70.16,483.43,0.0,12.0
2024/04/10 21:49:29,75.3,22.8,73.04,89.4,21.2,70.16,483.5,0.0,10.0
2024/04/10 21:51:57,75.3,22.9,73.22,89.3,21.2,70.16,483.07,0.0,11.0
2024/04/10 21:53:07,75.3,22.8,73.04,89.8,21.2,70.16,483.11,0.0,12.0
2024/04/10 21:54:16,75.4,22.8,73.04,90.1,21.2,70.16,483.27,0.0,11.0
2024/04/10 21:55:26,75.3,22.9,73.22,88.6,21.2,70.16,483.05,0.0,12.0
2024/04/10 21:57:58,75.3,22.8,73.04,89.3,21.2,70.16,482.45,0.0,11.0
2024/04/10 21:59:09,75.3,22.8,73.04,89.2,21.2,70.16,482.52,0.0,9.0
2024/04/10 22:00:21,75.3,22.8,73.04,89.0,21.2,70.16,482.31,0.0,10.0
2024/04/10 22:01:30,75.4,22.8,73.04,89.2,21.2,70.16,482.12,0.0,8.0
2024/04/10 22:03:59,75.3,22.8,73.04,87.9,21.2,70.16,482.02,0.0,9.0
2024/04/10 22:05:11,75.3,22.9,73.22,88.5,21.1,69.98,481.61,0.0,8.0
2024/04/10 22:06:23,75.3,22.8,73.04,89.2,21.1,69.98,481.57,0.0,7.0
2024/04/10 22:07:36,75.3,22.8,73.04,88.6,21.1,69.98,481.65,0.0,7.0
2024/04/10 22:08:47,75.3,22.8,73.04,88.5,21.1,69.98,481.37,0.0,7.0
2024/04/10 22:09:57,75.3,22.8,73.04,89.0,21.1,69.98,481.2,0.0,9.0
2024/04/10 22:11:03,75.4,22.8,73.04,89.5,21.2,70.16,480.76,0.0,7.0
2024/04/10 22:12:13,75.4,22.8,73.04,89.9,21.2,70.16,480.4,0.0,10.0
2024/04/10 22:13:23,75.4,22.9,73.22,90.2,21.2,70.16,480.59,0.0,9.0
2024/04/10 22:14:35,75.5,22.8,73.04,89.8,21.2,70.16,480.53,0.0,9.0
2024/04/10 22:15:48,75.5,22.9,73.22,89.6,21.2,70.16,480.26,0.0,9.0
2024/04/10 22:17:00,75.5,22.8,73.04,89.9,21.2,70.16,480.42,0.0,7.0
2024/04/10 22:18:12,75.4,22.8,73.04,89.7,21.2,70.16,479.18,0.0,6.0
2024/04/10 22:19:21,75.5,22.8,73.04,90.0,21.2,70.16,478.12,0.0,8.0
2024/04/10 22:20:36,75.5,22.8,73.04,90.1,21.2,70.16,478.38,0.0,7.0
2024/04/10 22:21:46,75.5,22.8,73.04,90.1,21.3,70.34,478.64,0.0,7.0
2024/04/10 22:22:54,75.6,22.9,73.22,90.0,21.2,70.16,478.8,0.0,7.0
2024/04/10 22:25:24,75.6,22.9,73.22,89.6,21.3,70.34,478.7,0.0,7.0
2024/04/10 22:26:37,75.6,22.9,73.22,89.5,21.2,70.16,478.56,0.0,6.0
2024/04/10 22:29:09,75.5,22.8,73.04,89.7,21.3,70.34,478.76,0.0,6.0
2024/04/10 22:30:24,75.5,22.8,73.04,89.6,21.3,70.34,478.96,0.0,5.0
2024/04/10 22:31:35,75.6,22.9,73.22,89.6,21.3,70.34,478.92,0.0,7.0
2024/04/10 22:34:02,75.5,22.8,73.04,88.6,21.3,70.34,479.05,0.0,7.0
2024/04/10 22:36:38,75.6,22.9,73.22,89.2,21.3,70.34,470.77,0.0,4.0
2024/04/10 22:39:10,75.7,22.8,73.04,89.2,21.3,70.34,470.23,0.0,2.0
2024/04/10 22:40:20,75.6,22.9,73.22,89.7,21.3,70.34,470.38,0.0,3.0
2024/04/10 22:41:29,75.7,22.9,73.22,89.6,21.3,70.34,470.65,0.0,3.0
2024/04/10 22:42:40,75.7,22.9,73.22,89.0,21.3,70.34,471.01,0.0,2.0
2024/04/10 22:43:52,75.7,22.9,73.22,89.2,21.3,70.34,471.19,0.0,1.0
2024/04/10 22:45:05,75.7,22.9,73.22,89.0,21.3,70.34,471.31,0.0,2.0
2024/04/10 22:46:18,75.6,22.8,73.04,88.4,21.4,70.52,471.54,0.0,1.0
2024/04/10 22:47:32,75.5,22.9,73.22,88.9,21.4,70.52,471.81,0.0,1.0
2024/04/10 22:48:43,75.5,22.8,73.04,88.8,21.4,70.52,471.94,0.0,3.0
2024/04/10 22:49:56,75.4,22.8,73.04,88.2,21.4,70.52,472.21,0.0,3.0
2024/04/10 22:51:10,75.5,22.8,73.04,88.7,21.3,70.34,472.18,0.0,2.0
2024/04/10 22:52:21,75.4,22.8,73.04,88.0,21.3,70.34,472.37,0.0,3.0
2024/04/10 22:53:31,75.4,22.8,73.04,87.6,21.3,70.34,472.44,0.0,2.0
2024/04/10 22:54:46,75.4,22.8,73.04,88.3,21.3,70.34,472.62,0.0,1.0
2024/04/10 22:57:14,75.4,22.8,73.04,88.5,21.3,70.34,472.87,0.0,3.0
2024/04/10 22:58:24,75.5,22.8,73.04,89.2,21.3,70.34,468.32,0.0,149.0
2024/04/10 22:59:36,75.7,22.8,73.04,89.3,21.2,70.16,464.62,0.0,0.0
2024/04/10 23:00:46,75.9,22.8,73.04,89.2,21.3,70.34,465.29,0.0,0.0
2024/04/10 23:01:59,76.4,22.8,73.04,90.0,21.3,70.34,464.7,0.0,0.0
2024/04/10 23:04:25,76.6,22.8,73.04,90.5,21.4,70.52,464.53,0.0,0.0
2024/04/10 23:05:36,76.6,22.9,73.22,90.4,21.5,70.7,464.75,0.0,1.0
2024/04/10 23:08:06,76.4,22.9,73.22,89.7,21.5,70.7,465.37,0.0,0.0
2024/04/10 23:09:18,76.4,22.9,73.22,89.9,21.5,70.7,465.67,0.0,0.0
2024/04/10 23:11:48,76.4,22.9,73.22,89.6,21.5,70.7,465.99,0.0,0.0
2024/04/10 23:14:23,76.3,23.0,73.4,89.7,21.5,70.7,466.37,0.0,0.0
2024/04/10 23:15:35,76.2,23.0,73.4,88.6,21.5,70.7,466.44,0.0,0.0
2024/04/10 23:18:05,76.2,23.0,73.4,89.4,21.5,70.7,464.91,0.0,0.0
2024/04/10 23:20:35,76.2,23.0,73.4,88.9,21.5,70.7,465.31,0.0,0.0
2024/04/10 23:23:07,76.2,23.0,73.4,89.4,21.5,70.7,465.65,0.0,0.0
2024/04/10 23:24:20,76.2,23.0,73.4,89.9,21.5,70.7,465.75,0.0,0.0
2024/04/10 23:25:35,76.2,23.0,73.4,90.1,21.5,70.7,465.89,0.0,0.0
2024/04/10 23:26:45,76.2,23.0,73.4,89.9,21.5,70.7,466.11,0.0,0.0
2024/04/10 23:29:10,76.2,23.0,73.4,90.3,21.5,70.7,466.53,0.0,0.0
2024/04/10 23:30:17,76.2,23.0,73.4,90.0,21.5,70.7,466.73,0.0,0.0
2024/04/10 23:31:27,76.3,23.0,73.4,90.1,21.5,70.7,466.7,0.0,0.0
2024/04/10 23:32:41,76.3,23.0,73.4,90.4,21.5,70.7,466.84,0.0,0.0
2024/04/10 23:33:55,76.2,23.0,73.4,90.4,21.5,70.7,467.09,0.0,0.0
2024/04/10 23:35:04,76.3,23.0,73.4,90.1,21.5,70.7,466.04,0.0,0.0
2024/04/10 23:37:28,76.2,23.0,73.4,90.4,21.5,70.7,466.34,0.0,0.0
2024/04/10 23:38:42,76.2,23.0,73.4,90.2,21.5,70.7,466.61,0.0,2.0
2024/04/10 23:39:57,76.2,23.0,73.4,89.6,21.5,70.7,466.6,0.0,0.0
2024/04/10 23:42:28,76.3,23.0,73.4,89.6,21.5,70.7,466.89,0.0,0.0
2024/04/10 23:43:42,76.3,23.0,73.4,90.0,21.5,70.7,467.28,0.0,0.0
2024/04/10 23:44:48,76.3,23.0,73.4,90.1,21.5,70.7,467.36,0.0,0.0
2024/04/10 23:45:59,76.3,23.0,73.4,90.1,21.5,70.7,467.31,0.0,0.0
2024/04/10 23:47:12,76.3,23.0,73.4,90.3,21.5,70.7,463.12,0.0,0.0
2024/04/10 23:48:25,76.3,23.0,73.4,90.3,21.5,70.7,463.59,0.0,0.0
2024/04/10 23:49:40,76.2,23.0,73.4,90.3,21.5,70.7,463.93,0.0,0.0
2024/04/10 23:50:48,76.2,23.0,73.4,90.4,21.5,70.7,464.01,0.0,0.0
2024/04/10 23:52:02,76.2,23.0,73.4,89.7,21.6,70.88,464.29,0.0,0.0
2024/04/10 23:53:13,76.2,23.0,73.4,89.8,21.5,70.7,464.13,0.0,0.0
2024/04/10 23:54:27,76.2,23.0,73.4,89.7,21.5,70.7,464.41,0.0,0.0
2024/04/10 23:55:36,76.2,23.0,73.4,89.4,21.5,70.7,463.64,0.0,0.0
2024/04/10 23:56:50,76.2,23.0,73.4,89.0,21.5,70.7,463.95,0.0,0.0
2024/04/10 23:59:22,76.1,23.0,73.4,89.1,21.5,70.7,462.61,0.0,0.0
2024/04/11 00:01:56,76.1,23.0,73.4,89.1,21.5,70.7,463.06,0.0,0.0
2024/04/11 00:04:28,76.2,23.0,73.4,89.1,21.5,70.7,463.07,0.0,1.0
2024/04/11 00:05:40,76.1,23.0,73.4,89.2,21.5,70.7,463.21,0.0,0.0
2024/04/11 00:06:49,76.1,23.0,73.4,89.0,21.5,70.7,463.56,0.0,0.0
2024/04/11 00:08:04,76.1,23.0,73.4,89.1,21.5,70.7,463.55,0.0,0.0
2024/04/11 00:09:17,76.1,23.0,73.4,89.4,21.5,70.7,463.76,0.0,0.0
2024/04/11 00:10:30,76.1,23.0,73.4,89.0,21.5,70.7,463.55,0.0,0.0
2024/04/11 00:11:42,76.2,23.0,73.4,89.3,21.5,70.7,463.76,0.0,0.0
2024/04/11 00:12:55,76.2,23.0,73.4,89.2,21.5,70.7,463.82,0.0,0.0
2024/04/11 00:14:07,76.2,23.0,73.4,89.5,21.5,70.7,464.12,0.0,0.0
2024/04/11 00:16:51,76.3,23.0,73.4,89.6,21.5,70.7,464.42,0.0,0.0
2024/04/11 00:18:02,76.3,23.0,73.4,89.3,21.5,70.7,464.67,0.0,0.0
2024/04/11 00:19:10,76.3,23.0,73.4,89.6,21.5,70.7,464.74,0.0,1.0
2024/04/11 00:20:19,76.3,23.0,73.4,89.4,21.5,70.7,464.68,0.0,0.0
2024/04/11 00:21:30,76.2,23.0,73.4,89.6,21.5,70.7,464.92,0.0,0.0
2024/04/11 00:24:00,76.2,23.0,73.4,89.6,21.6,70.88,464.88,0.0,0.0
2024/04/11 00:25:09,76.3,23.0,73.4,89.8,21.5,70.7,465.02,0.0,0.0
2024/04/11 00:26:22,76.3,23.0,73.4,89.7,21.5,70.7,465.26,0.0,0.0
2024/04/11 00:27:36,76.3,23.0,73.4,89.7,21.5,70.7,465.36,0.0,0.0
2024/04/11 00:28:47,76.3,23.0,73.4,89.9,21.5,70.7,465.05,0.0,0.0
2024/04/11 00:29:57,76.3,23.0,73.4,89.8,21.6,70.88,465.21,0.0,0.0
2024/04/11 00:31:04,76.3,23.0,73.4,89.0,21.5,70.7,465.23,0.0,0.0
2024/04/11 00:32:18,76.3,23.0,73.4,87.6,21.6,70.88,462.97,0.0,0.0
2024/04/11 00:33:28,76.2,23.0,73.4,88.6,21.5,70.7,463.4,0.0,0.0
2024/04/11 00:34:36,76.3,23.0,73.4,89.0,21.5,70.7,463.53,0.0,0.0
2024/04/11 00:37:03,76.3,23.0,73.4,87.9,21.5,70.7,463.65,0.0,0.0
2024/04/11 00:38:16,76.3,23.0,73.4,88.9,21.5,70.7,464.03,0.0,0.0
2024/04/11 00:39:27,76.3,23.0,73.4,89.3,21.5,70.7,464.05,0.0,0.0
2024/04/11 00:40:42,76.3,23.0,73.4,87.9,21.5,70.7,464.37,0.0,0.0
2024/04/11 00:41:54,76.2,23.0,73.4,87.9,21.5,70.7,463.99,0.0,0.0
2024/04/11 00:43:05,76.2,23.0,73.4,87.9,21.5,70.7,464.19,0.0,0.0
2024/04/11 00:45:38,76.3,23.0,73.4,89.0,21.5,70.7,461.76,0.0,1.0
2024/04/11 00:46:50,76.4,23.0,73.4,88.4,21.5,70.7,462.0,0.0,0.0
2024/04/11 00:48:00,76.4,23.0,73.4,88.6,21.5,70.7,462.14,0.0,0.0
2024/04/11 00:49:10,76.3,23.0,73.4,88.8,21.5,70.7,462.29,0.0,0.0
2024/04/11 00:50:21,76.3,23.0,73.4,88.5,21.5,70.7,462.54,0.0,0.0
2024/04/11 00:51:35,76.3,23.0,73.4,87.4,21.5,70.7,462.54,0.0,0.0
2024/04/11 00:54:08,76.2,23.0,73.4,87.1,21.5,70.7,462.85,0.0,0.0
2024/04/11 00:55:22,76.2,23.0,73.4,87.2,21.5,70.7,463.16,0.0,0.0
2024/04/11 00:56:33,76.2,23.0,73.4,88.4,21.5,70.7,463.12,0.0,0.0
2024/04/11 00:57:46,76.2,23.0,73.4,87.5,21.5,70.7,463.29,0.0,0.0
2024/04/11 01:00:14,76.1,23.0,73.4,88.0,21.5,70.7,463.51,0.0,0.0
2024/04/11 01:02:43,76.1,23.0,73.4,88.4,21.5,70.7,463.69,0.0,1.0
2024/04/11 01:03:55,76.1,23.0,73.4,88.4,21.5,70.7,463.76,0.0,0.0
2024/04/11 01:05:03,76.1,23.0,73.4,88.8,21.5,70.7,463.93,0.0,0.0
2024/04/11 01:07:33,76.2,23.0,73.4,88.9,21.5,70.7,464.28,0.0,0.0
2024/04/11 01:08:46,76.2,23.0,73.4,89.0,21.6,70.88,464.14,0.0,0.0
2024/04/11 01:09:58,76.2,23.0,73.4,89.0,21.5,70.7,464.24,0.0,0.0
2024/04/11 01:11:07,76.2,23.0,73.4,88.4,21.5,70.7,464.42,0.0,0.0
2024/04/11 01:12:20,76.1,23.0,73.4,88.4,21.6,70.88,464.33,0.0,0.0
2024/04/11 01:14:51,76.3,23.0,73.4,88.3,21.6,70.88,464.08,0.0,0.0
2024/04/11 01:17:21,76.3,23.0,73.4,88.6,21.6,70.88,463.89,0.0,0.0
2024/04/11 01:18:35,76.3,23.0,73.4,88.4,21.6,70.88,463.97,0.0,0.0
2024/04/11 01:19:45,76.3,23.0,73.4,88.6,21.6,70.88,464.08,0.0,0.0
2024/04/11 01:20:57,76.2,23.0,73.4,88.4,21.6,70.88,463.97,0.0,0.0
2024/04/11 01:22:09,76.3,23.0,73.4,88.6,21.6,70.88,464.18,0.0,0.0
2024/04/11 01:24:38,76.3,23.0,73.4,88.3,21.6,70.88,464.31,0.0,0.0
2024/04/11 01:27:08,76.4,23.0,73.4,87.8,21.6,70.88,464.08,0.0,0.0
2024/04/11 01:28:23,76.4,23.0,73.4,87.8,21.6,70.88,464.11,0.0,0.0
2024/04/11 01:30:55,76.3,23.0,73.4,87.8,21.6,70.88,464.025,0.0,1.0
2024/04/11 01:32:07,76.3,23.0,73.4,87.9,21.6,70.88,463.94,0.0,2.0
2024/04/11 01:33:20,76.3,23.0,73.4,87.8,21.6,70.88,463.76,0.0,0.0
2024/04/11 01:34:32,76.4,23.0,73.4,87.7,21.6,70.88,463.58,0.0,0.0
2024/04/11 01:35:45,76.4,22.9,73.22,87.6,21.6,70.88,463.71,0.0,0.0
2024/04/11 01:36:58,76.4,22.9,73.22,87.9,21.6,70.88,464.05,0.0,0.0
2024/04/11 01:39:27,76.4,22.9,73.22,87.5,21.6,70.88,464.33,0.0,0.0
2024/04/11 01:40:41,76.4,22.9,73.22,87.8,21.6,70.88,464.27,0.0,0.0
2024/04/11 01:43:09,76.4,22.9,73.22,87.9,21.6,70.88,464.57,0.0,0.0
2024/04/11 01:44:18,76.4,23.0,73.4,87.9,21.6,70.88,464.69,0.0,0.0
2024/04/11 01:45:33,76.4,22.9,73.22,87.4,21.6,70.88,464.83,0.0,0.0
2024/04/11 01:46:43,76.5,22.9,73.22,87.7,21.6,70.88,464.88,0.0,0.0
2024/04/11 01:47:54,76.5,22.9,73.22,87.2,21.6,70.88,464.94,0.0,0.0
2024/04/11 01:49:04,76.5,22.9,73.22,87.7,21.6,70.88,464.72,0.0,0.0
2024/04/11 01:50:16,76.5,22.9,73.22,87.4,21.6,70.88,464.85,0.0,0.0
2024/04/11 01:52:52,76.5,22.9,73.22,87.9,21.6,70.88,464.46,0.0,0.0
2024/04/11 01:55:19,76.5,22.9,73.22,87.5,21.6,70.88,464.68,0.0,0.0
2024/04/11 01:56:29,76.5,22.9,73.22,87.7,21.7,71.06,464.72,0.0,0.0
2024/04/11 01:57:42,76.5,22.9,73.22,87.4,21.7,71.06,464.625,0.0,0.0
2024/04/11 01:58:56,76.5,22.9,73.22,87.5,21.7,71.06,464.53,0.0,0.0
