2024/4/28 08:15,65.7,28.2,82.76,69.2,26.8,80.24,490.96,0,0
2024/4/28 08:16,66,28.2,82.76,78.9,26.8,80.24,503.62,0,69
2024/4/28 08:17,66.1,28.2,82.76,83,26.5,79.7,502.39,0,72
2024/4/28 08:18,66.1,28.2,82.76,84.5,26.2,79.16,501.41,0,76
2024/4/28 08:19,66.3,28.2,82.76,85.8,25.8,78.44,500.74,0,73
2024/4/28 08:20,66,28.2,82.76,87,25.5,77.9,500.25,0,72
2024/4/28 08:21,66,28.2,82.76,88.3,25.2,77.36,499.65,0,87
2024/4/28 08:23,66.1,28.2,82.76,89.9,25,77,499.31,0,79
2024/4/28 08:24,65.7,28.2,82.76,90.7,24.8,76.64,498.73,0,87
2024/4/28 08:25,65.8,28.2,82.76,91.2,24.7,76.46,498.25,0,73
2024/4/28 08:26,65.7,28.2,82.76,91.8,24.5,76.1,497.72,0,73
2024/4/28 08:27,65.6,28.1,82.58,92.3,24.4,75.92,497.16,0,77
2024/4/28 08:28,65.5,28.1,82.58,92.8,24.3,75.74,496.79,0,79
2024/4/28 08:29,65.4,28.1,82.58,93.2,24.2,75.56,496.27,0,87
2024/4/28 08:30,65.1,28.1,82.58,93.6,24.1,75.38,495.6,0,77
2024/4/28 08:31,65.1,28.1,82.58,93.9,24,75.2,495.17,0,74
2024/4/28 08:32,65.6,28.1,82.58,94.3,23.9,75.02,495.32,0,75
2024/4/28 08:34,65.3,28.1,82.58,95,23.9,75.02,494.48,0,85
2024/4/28 08:35,65.4,28.1,82.58,95.1,23.8,74.84,493.9,0,87
2024/4/28 08:36,65.4,28.1,82.58,95.5,23.8,74.84,493.72,0,77
2024/4/28 08:37,65.2,28.1,82.58,95.9,23.7,74.66,492.85,0,89
2024/4/28 08:38,64.9,28.1,82.58,96.1,23.7,74.66,492.58,0,89
2024/4/28 08:39,64.9,28.1,82.58,96.5,23.7,74.66,491.76,0,74
2024/4/28 08:40,65,28.1,82.58,96.7,23.7,74.66,490.92,0,75
2024/4/28 08:41,65.2,28.1,82.58,96.9,23.6,74.48,490.53,0,75
2024/4/28 08:42,65.3,28.1,82.58,97.1,23.6,74.48,490.23,0,82
2024/4/28 08:43,65.5,28.1,82.58,97.3,23.6,74.48,489.69,0,76
2024/4/28 08:44,65.2,28.1,82.58,97.4,23.6,74.48,489.05,0,75
2024/4/28 08:46,65.4,28.1,82.58,97.4,23.6,74.48,488.69,0,75
2024/4/28 08:47,66,28.1,82.58,97.4,23.6,74.48,488.28,0,91
2024/4/28 08:48,66,28.1,82.58,97.6,23.6,74.48,487.91,0,83
2024/4/28 08:49,65.5,28.1,82.58,97.9,23.6,74.48,487.34,0,77
2024/4/28 08:50,65.6,28.1,82.58,97.9,23.6,74.48,486.91,0,76
2024/4/28 08:51,65.9,28.1,82.58,98.1,23.6,74.48,486.25,0,83
2024/4/28 08:52,65.5,28.1,82.58,98.1,23.6,74.48,485.65,0,77
2024/4/28 08:53,65.8,28.2,82.76,97.9,23.6,74.48,485.25,0,87
2024/4/28 08:54,65.9,28.2,82.76,98,23.6,74.48,485,0,79
2024/4/28 08:55,66.3,28.1,82.58,97.9,23.6,74.48,484.24,0,76
2024/4/28 08:57,66,28.1,82.58,98,23.6,74.48,483.71,0,85
2024/4/28 08:58,65.8,28.1,82.58,98.2,23.6,74.48,483.44,0,90
2024/4/28 08:59,65.7,28.1,82.58,98.1,23.6,74.48,482.79,0,79
2024/4/28 09:00,65.5,28.1,82.58,98.2,23.6,74.48,482.37,0,75
2024/4/28 09:01,65.4,28.1,82.58,98.2,23.6,74.48,482.1,0,83
2024/4/28 09:02,65.6,28.1,82.58,98.3,23.6,74.48,481.93,0,77
2024/4/28 09:03,65.7,28.1,82.58,98.3,23.6,74.48,481.25,0,83
2024/4/28 09:04,65.2,28.1,82.58,98.2,23.6,74.48,480.69,0,91
2024/4/28 09:05,65.4,28.1,82.58,98.2,23.6,74.48,480.15,0,89
2024/4/28 09:06,65,28.1,82.58,98.1,23.6,74.48,479.85,0,87
2024/4/28 09:08,65.7,28.1,82.58,98.4,23.6,74.48,479.03,0,83
2024/4/28 09:09,65.7,28.1,82.58,98.4,23.6,74.48,479.02,0,79
2024/4/28 09:10,65.4,28.1,82.58,98.4,23.6,74.48,478.39,0,85
2024/4/28 09:11,65.1,28.1,82.58,98.5,23.6,74.48,477.86,0,76
2024/4/28 09:12,65.6,28.1,82.58,98.4,23.5,74.3,477.39,0,88
2024/4/28 09:13,65.6,28.1,82.58,98.6,23.6,74.48,476.92,0,77
2024/4/28 09:14,65.4,28.1,82.58,98.6,23.6,74.48,476.35,0,75
2024/4/28 09:15,65.3,28.1,82.58,98.5,23.5,74.3,476.99,0,87
2024/4/28 09:16,65.6,28.1,82.58,98.6,23.6,74.48,476.32,0,90
2024/4/28 09:17,65.5,28.1,82.58,98.7,23.6,74.48,475.8,0,87
2024/4/28 09:19,65.5,28.1,82.58,98.8,23.6,74.48,475.21,0,89
2024/4/28 09:20,65.6,28.1,82.58,98.9,23.6,74.48,474.75,0,89
2024/4/28 09:21,66,28.1,82.58,98.9,23.6,74.48,474.24,0,85
2024/4/28 09:22,66.3,28,82.4,99.1,23.6,74.48,473.77,0,89
2024/4/28 09:23,65.9,28,82.4,98.9,23.6,74.48,473.3,0,75
2024/4/28 09:24,65.8,28,82.4,99,23.6,74.48,472.76,0,77
2024/4/28 09:25,65.9,28,82.4,99.2,23.6,74.48,472.3,0,85
2024/4/28 09:26,65.9,28,82.4,99.2,23.6,74.48,471.91,0,75
2024/4/28 09:27,65.9,28,82.4,99.4,23.6,74.48,471.5,0,90
2024/4/28 09:28,66,28,82.4,99.4,23.6,74.48,471.18,0,89
2024/4/28 09:29,66.1,28,82.4,99.5,23.6,74.48,470.59,0,79
2024/4/28 09:31,66.2,28,82.4,99.6,23.6,74.48,470.18,0,87
2024/4/28 09:32,66.2,28,82.4,99.5,23.7,74.66,469.69,0,83
2024/4/28 09:33,66.3,28,82.4,99.5,23.7,74.66,469.27,0,88
2024/4/28 09:34,66.4,28,82.4,99.4,23.7,74.66,468.81,0,78
2024/4/28 09:35,66.5,28,82.4,99.5,23.7,74.66,468.5,0,87
2024/4/28 09:36,66.5,28,82.4,99.6,23.7,74.66,468.07,0,84
2024/4/28 09:37,66.6,28,82.4,99.5,23.7,74.66,467.76,0,71
2024/4/28 09:38,66.7,27.9,82.22,99.4,23.7,74.66,467.36,0,73
2024/4/28 09:39,66.7,28,82.4,99.3,23.7,74.66,467.03,0,91
2024/4/28 09:40,66.8,27.9,82.22,99.2,23.7,74.66,466.5,0,85
2024/4/28 09:42,66.9,27.9,82.22,99.3,23.7,74.66,466.19,0,73
2024/4/28 09:43,66.9,27.9,82.22,99.3,23.7,74.66,465.88,0,90
2024/4/28 09:44,66.9,27.9,82.22,99.4,23.7,74.66,465.47,0,77
2024/4/28 09:45,67,27.9,82.22,99.3,23.7,74.66,465.13,0,73
2024/4/28 09:46,66.8,27.9,82.22,99.3,23.7,74.66,464.72,0,87
2024/4/28 09:47,67,27.9,82.22,99.4,23.7,74.66,464.32,0,89
2024/4/28 09:48,67.1,27.9,82.22,99.4,23.7,74.66,464.01,0,73
2024/4/28 09:49,67,27.9,82.22,99.5,23.7,74.66,463.72,0,73
2024/4/28 09:50,66.7,27.9,82.22,99.4,23.7,74.66,463.39,0,89
2024/4/28 09:51,66.6,27.9,82.22,99.4,23.8,74.84,463.02,0,71
2024/4/28 09:54,66.5,27.9,82.22,99.3,23.7,74.66,462.34,0,83
2024/4/28 09:55,66.5,27.9,82.22,99.3,23.7,74.66,461.88,0,76
2024/4/28 09:56,66.6,27.9,82.22,99.4,23.7,74.66,461.86,0,88
2024/4/28 09:57,66.6,27.9,82.22,99.5,23.7,74.66,461.49,0,73
2024/4/28 09:58,66.7,27.8,82.04,99.6,23.7,74.66,461.29,0,83
2024/4/28 09:59,66.7,27.9,82.22,99.7,23.7,74.66,461.04,0,77
2024/4/28 10:00,66.7,27.8,82.04,99.8,23.7,74.66,460.61,0,75
2024/4/28 10:01,66.9,27.8,82.04,99.7,23.7,74.66,460.28,0,87
2024/4/28 10:03,66.8,27.8,82.04,99.6,23.7,74.66,460.03,0,87
2024/4/28 10:04,66.8,27.8,82.04,99.7,23.7,74.66,459.69,0,85
2024/4/28 10:05,66.8,27.8,82.04,99.7,23.7,74.66,459.36,0,71
2024/4/28 10:06,66.8,27.8,82.04,99.7,23.7,74.66,458.9,0,71
2024/4/28 10:07,66.8,27.8,82.04,99.7,23.7,74.66,458.72,0,83
2024/4/28 10:08,66.8,27.8,82.04,99.8,23.7,74.66,458.45,0,79
2024/4/28 10:09,66.7,27.8,82.04,99.9,23.7,74.66,458.16,0,85
2024/4/28 10:10,66.9,27.8,82.04,99.9,23.7,74.66,457.9,0,83
2024/4/28 10:12,66.8,27.8,82.04,99.9,23.7,74.66,457.68,0,77
2024/4/28 10:13,66.9,27.8,82.04,99.9,23.7,74.66,457.46,0,72
2024/4/28 10:14,67.1,27.8,82.04,99.9,23.7,74.66,456.97,0,72
2024/4/28 10:15,67,27.8,82.04,99.9,23.7,74.66,456.74,0,64
2024/4/28 10:16,67,27.8,82.04,99.9,23.7,74.66,456.21,0,77
2024/4/28 10:17,67,27.8,82.04,99.9,23.7,74.66,455.98,0,73
2024/4/28 10:18,66.8,27.8,82.04,99.9,23.7,74.66,455.66,0,75
2024/4/28 10:19,66.8,27.8,82.04,99.9,23.7,74.66,455.31,0,77
2024/4/28 10:20,66.5,27.8,82.04,99.9,23.7,74.66,455.01,0,77
2024/4/28 10:22,66.9,27.8,82.04,99.9,23.7,74.66,454.77,0,85
2024/4/28 10:23,66.7,27.8,82.04,99.9,23.7,74.66,454.59,0,84
2024/4/28 10:24,66.8,27.8,82.04,99.9,23.7,74.66,454.26,0,69
2024/4/28 10:25,66.9,27.8,82.04,99.9,23.7,74.66,453.89,0,76
2024/4/28 10:26,67,27.8,82.04,99.9,23.7,74.66,453.65,0,83
2024/4/28 10:27,66.7,27.8,82.04,99.9,23.7,74.66,453.27,0,68
2024/4/28 10:28,66.8,27.8,82.04,99.9,23.7,74.66,453.05,0,78
2024/4/28 10:29,66.7,27.8,82.04,99.9,23.7,74.66,452.7,0,83
2024/4/28 10:31,66.7,27.8,82.04,99.9,23.7,74.66,452.47,0,63
2024/4/28 10:32,66.7,27.8,82.04,99.9,23.7,74.66,452.07,0,77
2024/4/28 10:33,66.9,27.7,81.86,99.9,23.7,74.66,451.92,0,63
2024/4/28 10:34,66.9,27.8,82.04,99.9,23.7,74.66,451.63,0,71
2024/4/28 10:35,67.1,27.7,81.86,99.9,23.7,74.66,451.47,0,69
2024/4/28 10:36,67.1,27.8,82.04,99.9,23.7,74.66,451.01,0,77
2024/4/28 10:37,66.8,27.7,81.86,99.9,23.7,74.66,450.82,0,67
2024/4/28 10:38,67.2,27.7,81.86,99.9,23.7,74.66,450.43,0,69
2024/4/28 10:39,66.8,27.7,81.86,99.9,23.6,74.48,450.17,0,70
2024/4/28 10:40,66.9,27.7,81.86,99.9,23.7,74.66,449.94,0,63
2024/4/28 10:42,67,27.8,82.04,99.9,23.7,74.66,449.75,0,74
2024/4/28 10:43,67.3,27.8,82.04,99.9,23.7,74.66,449.51,0,69
2024/4/28 10:44,67.2,27.8,82.04,99.9,23.7,74.66,449.17,0,61
2024/4/28 10:45,67.5,27.8,82.04,99.9,23.7,74.66,448.67,0,74
2024/4/28 10:46,67.2,27.8,82.04,99.9,23.7,74.66,448.48,0,74
2024/4/28 10:47,67,27.8,82.04,99.9,23.6,74.48,448.06,0,68
2024/4/28 10:48,66.7,27.8,82.04,99.9,23.6,74.48,447.71,0,73
2024/4/28 10:49,66.5,27.8,82.04,99.9,23.6,74.48,447.62,0,77
2024/4/28 10:50,66.7,27.8,82.04,99.9,23.6,74.48,447.15,0,61
2024/4/28 10:51,66.8,27.8,82.04,99.9,23.6,74.48,446.8,0,73
2024/4/28 10:53,66.8,27.8,82.04,99.7,23.6,74.48,446.31,0,59
2024/4/28 10:54,66.7,27.8,82.04,99.5,23.5,74.3,446.03,0,75
2024/4/28 10:55,66.6,27.8,82.04,99.2,23.5,74.3,445.35,0,70
2024/4/28 10:56,66,27.8,82.04,99.2,23.5,74.3,445.13,0,72
2024/4/28 10:57,66.2,27.8,82.04,98.9,23.5,74.3,445.03,0,60
2024/4/28 10:58,65.4,27.8,82.04,98.8,23.4,74.12,444.7,0,69
2024/4/28 10:59,66,27.8,82.04,98.6,23.4,74.12,444.47,0,63
2024/4/28 11:00,65.9,27.7,81.86,98.7,23.4,74.12,444.25,0,59
2024/4/28 11:01,65.6,27.7,81.86,98.6,23.4,74.12,444,0,59
2024/4/28 11:03,65.9,27.7,81.86,98.6,23.4,74.12,443.63,0,61
2024/4/28 11:04,65.4,27.7,81.86,98.4,23.4,74.12,443.42,0,71
2024/4/28 11:05,65.7,27.8,82.04,98.1,23.4,74.12,443.14,0,67
2024/4/28 11:06,65.4,27.8,82.04,98.2,23.4,74.12,443.12,0,57
2024/4/28 11:07,65.5,27.7,81.86,98,23.4,74.12,443.01,0,59
2024/4/28 11:08,65.6,27.7,81.86,98,23.4,74.12,443.09,0,63
2024/4/28 11:09,65.9,27.8,82.04,97.9,23.4,74.12,441.89,0,63
2024/4/28 11:10,65.8,27.7,81.86,97.5,23.4,74.12,441.72,0,61
2024/4/28 11:11,65.9,27.7,81.86,97,23.5,74.3,441.54,0,59
2024/4/28 11:12,65.5,27.7,81.86,96.7,23.4,74.12,441.25,0,63
2024/4/28 11:13,65.5,27.7,81.86,96.6,23.4,74.12,441.18,0,56
2024/4/28 11:15,65.9,27.7,81.86,96.7,23.4,74.12,441.02,0,68
2024/4/28 11:16,66,27.7,81.86,96.5,23.4,74.12,440.92,0,59
2024/4/28 11:17,66,27.7,81.86,96.4,23.4,74.12,440.45,0,55
2024/4/28 11:18,65.9,27.7,81.86,96.3,23.5,74.3,440.45,0,55
2024/4/28 11:19,66.4,27.7,81.86,95.9,23.5,74.3,440.37,0,63
2024/4/28 11:20,66.2,27.7,81.86,95.6,23.5,74.3,440.17,0,55
2024/4/28 11:21,66,27.7,81.86,95.6,23.5,74.3,440.09,0,59
2024/4/28 11:23,66.1,27.7,81.86,95.4,23.6,74.48,439.81,0,55
2024/4/28 11:24,66.3,27.7,81.86,95.1,23.6,74.48,439.8,0,60
2024/4/28 11:25,66.2,27.7,81.86,94.9,23.6,74.48,439.7,0,57
2024/4/28 11:26,66.2,27.7,81.86,94.8,23.6,74.48,439.3,0,57
2024/4/28 11:27,66.1,27.7,81.86,94.5,23.6,74.48,439.13,0,55
2024/4/28 11:28,65.9,27.7,81.86,94.1,23.7,74.66,439.05,0,55
2024/4/28 11:29,66.2,27.7,81.86,93.9,23.7,74.66,438.92,0,60
2024/4/28 11:30,66.5,27.7,81.86,93.9,23.7,74.66,438.84,0,59
2024/4/28 11:31,66.2,27.7,81.86,93.7,23.7,74.66,438.62,0,59
2024/4/28 11:33,66,27.7,81.86,93.6,23.7,74.66,438.41,0,52
2024/4/28 11:34,66.2,27.7,81.86,93.5,23.7,74.66,438.19,0,53
2024/4/28 11:35,66.2,27.7,81.86,93.3,23.8,74.84,438.1,0,55
2024/4/28 11:36,66.2,27.7,81.86,93.1,23.8,74.84,438.07,0,58
2024/4/28 11:37,66.5,27.7,81.86,92.7,23.8,74.84,437.89,0,53
2024/4/28 11:38,66.5,27.7,81.86,92.6,23.8,74.84,437.75,0,55
2024/4/28 11:39,66.5,27.7,81.86,92.6,23.8,74.84,437.58,0,57
2024/4/28 11:40,66.6,27.7,81.86,92.2,23.9,75.02,437.71,0,56
2024/4/28 11:41,66.6,27.7,81.86,91.9,23.9,75.02,437.51,0,54
2024/4/28 11:43,66.8,27.7,81.86,91.7,23.9,75.02,437.66,0,54
2024/4/28 11:44,66.8,27.6,81.68,91.4,24,75.2,437.35,0,48
2024/4/28 11:46,66.8,27.6,81.68,90.9,24,75.2,437.75,0,53
2024/4/28 11:47,67.3,27.7,81.86,90.9,24,75.2,433.47,0,51
2024/4/28 11:48,67.4,27.6,81.68,90.7,24.1,75.38,432.66,0,48
2024/4/28 11:49,67.5,27.6,81.68,90.9,24.1,75.38,432.67,0,47
2024/4/28 11:50,67.6,27.6,81.68,90.4,24.1,75.38,432.67,0,53
2024/4/28 11:51,67.5,27.6,81.68,90,24.2,75.56,432.55,0,47
2024/4/28 11:52,67.5,27.6,81.68,89.5,24.2,75.56,431.9,0,53
2024/4/28 11:54,67.7,27.6,81.68,89.1,24.3,75.74,431.88,0,53
2024/4/28 11:55,67.8,27.6,81.68,88.9,24.3,75.74,431.52,0,53
2024/4/28 11:56,68,27.6,81.68,88.8,24.3,75.74,431.46,0,52
2024/4/28 11:57,68.1,27.6,81.68,88.5,24.3,75.74,431.41,0,47
2024/4/28 11:58,68,27.6,81.68,88.3,24.4,75.92,431.33,0,52
2024/4/28 11:59,68.1,27.6,81.68,88.1,24.4,75.92,431.28,0,48
2024/4/28 12:00,68.2,27.6,81.68,87.9,24.4,75.92,431.17,0,51
2024/4/28 12:01,68.2,27.6,81.68,87.7,24.5,76.1,431.09,0,52
2024/4/28 12:02,68.2,27.6,81.68,87.5,24.5,76.1,431.14,0,51
2024/4/28 12:03,68.3,27.6,81.68,87.4,24.5,76.1,430.95,0,52
2024/4/28 12:04,68.3,27.5,81.5,87.2,24.5,76.1,431.04,0,51
2024/4/28 12:06,68.4,27.5,81.5,86.9,24.6,76.28,430.87,0,47
2024/4/28 12:07,68.4,27.5,81.5,86.7,24.6,76.28,430.66,0,44
2024/4/28 12:08,68.5,27.5,81.5,86.7,24.6,76.28,430.65,0,45
2024/4/28 12:09,68.3,27.5,81.5,86.5,24.7,76.46,430.5,0,45
2024/4/28 12:10,68.2,27.5,81.5,86.3,24.7,76.46,430.36,0,43
2024/4/28 12:11,68.2,27.5,81.5,86.1,24.7,76.46,430.03,0,46
2024/4/28 12:12,67.9,27.5,81.5,85.8,24.7,76.46,429.9,0,43
2024/4/28 12:13,67.8,27.4,81.32,85.7,24.8,76.64,429.83,0,45
2024/4/28 12:14,67.9,27.4,81.32,85.5,24.8,76.64,429.6,0,45
2024/4/28 12:15,67.7,27.4,81.32,85.4,24.8,76.64,429.39,0,45
2024/4/28 12:16,67.7,27.4,81.32,85.2,24.8,76.64,429.23,0,41
2024/4/28 12:17,67.6,27.4,81.32,85,24.8,76.64,429.15,0,40
2024/4/28 12:19,67.9,27.4,81.32,84.8,24.9,76.82,429,0,44
2024/4/28 12:20,68,27.4,81.32,84.5,24.9,76.82,428.87,0,41
2024/4/28 12:21,67.5,27.4,81.32,84.4,24.9,76.82,428.84,0,40
2024/4/28 12:22,67.7,27.4,81.32,84.2,24.9,76.82,428.65,0,39
2024/4/28 12:23,67.9,27.4,81.32,84.1,24.9,76.82,428.66,0,39
2024/4/28 12:24,67.7,27.4,81.32,84.5,24.9,76.82,428.71,0,38
2024/4/28 12:25,67.9,27.4,81.32,84.3,24.9,76.82,428.36,0,38
2024/4/28 12:26,68,27.4,81.32,84.1,25,77,428.66,0,37
2024/4/28 12:27,67.3,27.4,81.32,84.2,25,77,428.57,0,39
2024/4/28 12:28,67.3,27.4,81.32,84.7,25.1,77.18,428.55,0,41
2024/4/28 12:30,67.3,27.4,81.32,84.3,25.1,77.18,428.26,0,39
2024/4/28 12:31,67.5,27.4,81.32,83.9,25.1,77.18,428.12,0,37
2024/4/28 12:32,67.6,27.3,81.14,83.6,25.1,77.18,428.14,0,35
2024/4/28 12:33,68.4,27.4,81.32,84,25.2,77.36,428.12,0,37
2024/4/28 12:34,67.8,27.3,81.14,83.6,25.2,77.36,427.89,0,35
2024/4/28 12:35,67.8,27.3,81.14,83.4,25.2,77.36,427.9,0,37
2024/4/28 12:36,68.1,27.3,81.14,83.4,25.2,77.36,427.95,0,35
2024/4/28 12:37,68.4,27.3,81.14,83.6,25.2,77.36,427.74,0,30
2024/4/28 12:38,68.7,27.3,81.14,83.3,25.3,77.54,427.74,0,33
2024/4/28 12:39,69.2,27.3,81.14,83.3,25.3,77.54,422.99,0,29
2024/4/28 12:40,69.3,27.3,81.14,83.2,25.3,77.54,423.22,0,29
2024/4/28 12:42,69.5,27.3,81.14,83.1,25.3,77.54,423.4,0,31
2024/4/28 12:43,69.5,27.3,81.14,82.9,25.3,77.54,423.5,0,35
2024/4/28 12:44,69.6,27.3,81.14,82.7,25.4,77.72,423.41,0,35
2024/4/28 12:45,69.6,27.3,81.14,82.9,25.4,77.72,423.56,0,28
2024/4/28 12:46,70.1,27.3,81.14,83.6,25.4,77.72,423.53,0,31
2024/4/28 12:47,70.2,27.3,81.14,83,25.4,77.72,423.45,0,29
2024/4/28 12:48,70.2,27.3,81.14,82.8,25.5,77.9,423.41,0,30
2024/4/28 12:49,70.1,27.3,81.14,82.7,25.5,77.9,423.31,0,30
2024/4/28 12:51,70.3,27.3,81.14,82.6,25.5,77.9,423.37,0,30
2024/4/28 12:52,70.2,27.3,81.14,82.5,25.5,77.9,423.17,0,25
2024/4/28 12:53,70.3,27.3,81.14,82.4,25.5,77.9,414.59,0,26
2024/4/28 12:54,70.3,27.3,81.14,82.3,25.5,77.9,414.41,0,27
2024/4/28 12:55,70.2,27.3,81.14,82.3,25.5,77.9,414.89,0,26
2024/4/28 12:56,70.4,27.3,81.14,82.3,25.5,77.9,414.95,0,29
2024/4/28 12:57,70.2,27.3,81.14,82.2,25.5,77.9,415.12,0,27
2024/4/28 12:58,70.1,27.3,81.14,82,25.6,78.08,414.96,0,25
2024/4/28 12:59,70.2,27.3,81.14,82.1,25.6,78.08,415.07,0,26
2024/4/28 13:01,70.4,27.3,81.14,82.1,25.6,78.08,415.29,0,26
2024/4/28 13:02,69.9,27.2,80.96,82,25.6,78.08,414.95,0,21
2024/4/28 13:03,69.7,27.2,80.96,81.9,25.6,78.08,414.93,0,25
2024/4/28 13:04,69.6,27.2,80.96,81.9,25.6,78.08,415.07,0,23
2024/4/28 13:05,70.3,27.2,80.96,81.9,25.6,78.08,414.96,0,25
2024/4/28 13:06,70.7,27.2,80.96,81.8,25.7,78.26,414.79,0,22
2024/4/28 13:07,70.8,27.2,80.96,81.8,25.7,78.26,414.85,0,21
2024/4/28 13:08,70.8,27.2,80.96,81.8,25.7,78.26,414.77,0,21
2024/4/28 13:09,71.1,27.2,80.96,81.7,25.7,78.26,414.66,0,24
2024/4/28 13:10,70.8,27.2,80.96,81.6,25.7,78.26,414.69,0,21
2024/4/28 13:11,70.5,27.2,80.96,81.6,25.7,78.26,414.66,0,22
2024/4/28 13:13,70.8,27.2,80.96,81.6,25.7,78.26,414.56,0,19
2024/4/28 13:14,70.8,27.2,80.96,81.6,25.7,78.26,414.6,0,21
2024/4/28 13:15,70.9,27.2,80.96,81.5,25.8,78.44,414.55,0,22
2024/4/28 13:16,70.6,27.2,80.96,81.5,25.8,78.44,414.41,0,23
2024/4/28 13:17,70.6,27.2,80.96,81.4,25.8,78.44,414.26,0,17
2024/4/28 13:18,71,27.2,80.96,81.5,25.8,78.44,414.33,0,19
2024/4/28 13:19,71.2,27.2,80.96,81.4,25.8,78.44,414.17,0,20
2024/4/28 13:20,71.2,27.2,80.96,81.4,25.8,78.44,414.13,0,19
2024/4/28 13:21,71.3,27.2,80.96,81.3,25.8,78.44,414.12,0,18
2024/4/28 13:22,71.3,27.2,80.96,81.2,25.8,78.44,414.07,0,19
2024/4/28 13:23,71.1,27.2,80.96,81.2,25.8,78.44,413.89,0,19
2024/4/28 13:25,71.3,27.1,80.78,81.3,25.8,78.44,413.96,0,13
2024/4/28 13:26,71.3,27.1,80.78,81.4,25.8,78.44,413.79,0,18
2024/4/28 13:27,71.6,27.1,80.78,81.2,25.8,78.44,413.83,0,19
2024/4/28 13:28,71.8,27.1,80.78,81.1,25.8,78.44,413.73,0,18
2024/4/28 13:29,72,27.1,80.78,81.2,25.8,78.44,413.66,0,18
2024/4/28 13:30,72.2,27.1,80.78,81.2,25.9,78.62,413.57,0,18
2024/4/28 13:31,72.2,27.1,80.78,81.1,25.8,78.44,413.61,0,19
2024/4/28 13:32,72.3,27.1,80.78,81.1,25.9,78.62,413.41,0,17
2024/4/28 13:34,72.4,27.1,80.78,81.1,25.9,78.62,413.31,0,12
2024/4/28 13:35,72.5,27.1,80.78,81.1,25.9,78.62,413.27,0,18
2024/4/28 13:37,72.6,27.1,80.78,81.1,25.9,78.62,413.25,0,11
2024/4/28 13:38,72.7,27.1,80.78,81.1,25.9,78.62,413.21,0,16
2024/4/28 13:39,72.8,27.1,80.78,81.1,25.9,78.62,412.98,0,11
2024/4/28 13:40,72.9,27.1,80.78,81.1,25.9,78.62,413.05,0,14
2024/4/28 13:41,73,27.1,80.78,81,25.9,78.62,412.92,0,13
2024/4/28 13:42,73,27.1,80.78,81,25.9,78.62,412.69,0,11
2024/4/28 13:43,73.1,27.1,80.78,81,25.9,78.62,412.73,0,12
2024/4/28 13:44,73.2,27.1,80.78,81,25.9,78.62,412.65,0,12
2024/4/28 13:46,73.2,27.1,80.78,81,26,78.8,412.69,0,10
2024/4/28 13:47,73.2,27.1,80.78,81,26,78.8,412.71,0,17
2024/4/28 13:48,73.2,27.1,80.78,81,25.9,78.62,412.59,0,12
2024/4/28 13:49,73.2,27.1,80.78,81,26,78.8,416.08,0,12
2024/4/28 13:50,73.1,27,80.6,81,26,78.8,415.4,0,13
2024/4/28 13:51,73.2,27,80.6,81,26,78.8,415.31,0,13
2024/4/28 13:52,73.4,27,80.6,80.9,26,78.8,415.09,0,12
2024/4/28 13:53,73.4,27,80.6,80.9,26,78.8,415.1,0,9
2024/4/28 13:54,73.4,27,80.6,80.8,26,78.8,414.83,0,11
2024/4/28 13:55,73.3,27,80.6,80.9,26,78.8,414.87,0,11
2024/4/28 13:56,73.3,27,80.6,80.9,26,78.8,414.62,0,11
2024/4/28 13:58,73.5,27,80.6,80.9,26,78.8,414.68,0,10
2024/4/28 13:59,73.5,27,80.6,80.9,26,78.8,414.59,0,9
2024/4/28 14:00,73.5,27,80.6,80.9,26,78.8,414.48,0,12
2024/4/28 14:01,73.6,27,80.6,80.8,26,78.8,414.32,0,9
2024/4/28 14:02,73.6,26.9,80.42,80.9,26.1,78.98,414.24,0,11
2024/4/28 14:03,73.7,26.9,80.42,80.9,26,78.8,414.23,0,10
2024/4/28 14:04,73.8,27,80.6,80.9,26,78.8,414.12,0,8
2024/4/28 14:05,73.8,26.9,80.42,80.9,26,78.8,414.1,0,9
2024/4/28 14:06,73.8,26.9,80.42,80.9,26,78.8,413.96,0,10
2024/4/28 14:07,73.9,26.9,80.42,80.9,26,78.8,413.93,0,10
2024/4/28 14:09,73.9,26.9,80.42,80.8,26,78.8,413.78,0,10
2024/4/28 14:10,73.8,26.9,80.42,80.9,26,78.8,413.71,0,11
2024/4/28 14:11,73.9,26.9,80.42,80.9,26,78.8,413.69,0,11
2024/4/28 14:12,73.9,26.9,80.42,80.9,26,78.8,413.54,0,9
2024/4/28 14:13,74,26.9,80.42,80.9,26,78.8,413.48,0,11
2024/4/28 14:14,74,26.9,80.42,81,26,78.8,413.47,0,8
2024/4/28 14:15,74.1,26.9,80.42,80.9,26,78.8,413.37,0,7
2024/4/28 14:16,74.1,26.9,80.42,80.9,26,78.8,413.16,0,9
2024/4/28 14:17,74,26.9,80.42,80.9,26,78.8,413.1,0,8
2024/4/28 14:18,74.1,26.9,80.42,80.9,26,78.8,413.11,0,10
2024/4/28 14:20,74.2,26.8,80.24,80.9,26,78.8,412.96,0,10
2024/4/28 14:21,74.2,26.8,80.24,80.9,26,78.8,412.82,0,11
2024/4/28 14:22,74.2,26.9,80.42,80.9,26,78.8,412.65,0,6
2024/4/28 14:23,74.2,26.9,80.42,80.9,26,78.8,412.625,0,9
2024/4/28 14:24,74.3,26.9,80.42,80.8,26,78.8,412.6,0,9
2024/4/28 14:25,74.3,26.8,80.24,80.8,26.1,78.98,412.53,0,8
2024/4/28 14:26,74.4,26.9,80.42,80.8,26,78.8,412.44,0,7
2024/4/28 14:27,74.4,26.8,80.24,80.8,26.1,78.98,412.37,0,7
2024/4/28 14:28,74.4,26.8,80.24,80.8,26,78.8,412.28,0,8
2024/4/28 14:29,74.5,26.8,80.24,80.8,26.1,78.98,412.16,0,9
2024/4/28 14:31,74.5,26.8,80.24,80.8,26,78.8,412.19,0,9
2024/4/28 14:32,74.6,26.8,80.24,80.8,26.1,78.98,412.01,0,7
2024/4/28 14:33,74.6,26.8,80.24,80.8,26.1,78.98,411.97,0,7
2024/4/28 14:34,74.7,26.8,80.24,80.8,26.1,78.98,411.97,0,8
2024/4/28 14:35,74.7,26.8,80.24,80.9,26.1,78.98,411.8,0,8
2024/4/28 14:36,74.7,26.8,80.24,80.8,26.1,78.98,411.77,0,8
2024/4/28 14:37,74.8,26.8,80.24,80.8,26.1,78.98,411.59,0,8
2024/4/28 14:38,74.8,26.8,80.24,80.8,26.1,78.98,411.5,0,6
2024/4/28 14:39,74.8,26.8,80.24,80.7,26.1,78.98,411.43,0,7
2024/4/28 14:40,74.8,26.8,80.24,80.7,26.1,78.98,411.48,0,7
2024/4/28 14:42,74.8,26.8,80.24,80.7,26.1,78.98,411.39,0,8
2024/4/28 14:43,74.8,26.8,80.24,80.7,26.1,78.98,411.28,0,5
2024/4/28 14:44,74.8,26.8,80.24,80.7,26.1,78.98,411.34,0,6
2024/4/28 14:45,74.9,26.8,80.24,80.7,26.1,78.98,411.19,0,6
2024/4/28 14:46,74.9,26.8,80.24,80.7,26.1,78.98,411.17,0,6
2024/4/28 14:47,74.9,26.8,80.24,80.7,26.1,78.98,411.06,0,7
2024/4/28 14:48,74.9,26.8,80.24,80.7,26.1,78.98,411.02,0,6
2024/4/28 14:49,74.9,26.7,80.06,80.7,26.1,78.98,410.94,0,6
2024/4/28 14:50,74.9,26.8,80.24,80.6,26.1,78.98,410.88,0,6
2024/4/28 14:51,74.9,26.8,80.24,80.6,26.1,78.98,410.83,0,6
2024/4/28 14:53,74.9,26.8,80.24,80.6,26.1,78.98,410.77,0,5
2024/4/28 14:54,75,26.7,80.06,80.6,26.1,78.98,410.58,0,7
2024/4/28 14:55,75,26.7,80.06,80.6,26.1,78.98,410.55,0,5
2024/4/28 14:56,75,26.7,80.06,80.6,26.1,78.98,410.55,0,4
2024/4/28 14:57,75.1,26.7,80.06,80.5,26.1,78.98,410.43,0,6
2024/4/28 14:58,75.1,26.7,80.06,80.5,26.1,78.98,410.45,0,6
2024/4/28 14:59,75.1,26.7,80.06,80.6,26.2,79.16,410.35,0,4
2024/4/28 15:00,75.2,26.7,80.06,80.5,26.1,78.98,410.29,0,5
2024/4/28 15:01,75.2,26.7,80.06,80.5,26.1,78.98,410.17,0,6
2024/4/28 15:02,75.2,26.7,80.06,80.5,26.2,79.16,410.09,0,5
2024/4/28 15:04,75.3,26.7,80.06,80.4,26.2,79.16,410.16,0,3
2024/4/28 15:05,75.3,26.7,80.06,80.4,26.2,79.16,409.94,0,3
2024/4/28 15:06,75.3,26.7,80.06,80.4,26.2,79.16,409.84,0,6
2024/4/28 15:07,75.4,26.7,80.06,80.4,26.2,79.16,409.89,0,5
2024/4/28 15:08,75.4,26.7,80.06,80.3,26.2,79.16,409.72,0,5
2024/4/28 15:09,75.3,26.7,80.06,80.3,26.2,79.16,409.73,0,5
2024/4/28 15:10,75.4,26.7,80.06,80.4,26.2,79.16,409.65,0,5
2024/4/28 15:11,75.4,26.7,80.06,80.3,26.2,79.16,409.63,0,4
2024/4/28 15:12,75.4,26.7,80.06,80.3,26.2,79.16,409.46,0,6
2024/4/28 15:13,75.4,26.7,80.06,80.3,26.2,79.16,409.63,0,5
2024/4/28 15:15,75.5,26.7,80.06,80.3,26.2,79.16,409.49,0,5
2024/4/28 15:16,75.4,26.7,80.06,80.3,26.2,79.16,409.42,0,4
2024/4/28 15:17,75.4,26.7,80.06,80.2,26.2,79.16,409.26,0,5
2024/4/28 15:18,75.5,26.7,80.06,80.2,26.2,79.16,409.36,0,5
2024/4/28 15:19,75.4,26.7,80.06,80.2,26.2,79.16,409.31,0,4
2024/4/28 15:20,75.4,26.7,80.06,80.2,26.2,79.16,409.1,0,4
2024/4/28 15:21,75.5,26.6,79.88,80.2,26.2,79.16,409.08,0,5
2024/4/28 15:22,75.6,26.7,80.06,80.2,26.2,79.16,409.03,0,5
2024/4/28 15:24,75.6,26.7,80.06,80.2,26.2,79.16,408.94,0,4
2024/4/28 15:25,75.6,26.6,79.88,80.2,26.2,79.16,408.86,0,4
2024/4/28 15:26,75.7,26.7,80.06,80.1,26.2,79.16,408.94,0,5
2024/4/28 15:28,75.8,26.6,79.88,80.4,26.2,79.16,408.96,0,4
2024/4/28 15:29,75.8,26.6,79.88,80.3,26.2,79.16,408.84,0,3
2024/4/28 15:30,75.9,26.6,79.88,80.3,26.2,79.16,408.71,0,4
2024/4/28 15:31,75.9,26.6,79.88,80.3,26.2,79.16,408.61,0,4
2024/4/28 15:32,76,26.7,80.06,80.2,26.3,79.34,408.49,0,3
2024/4/28 15:33,76,26.6,79.88,80.2,26.3,79.34,408.49,0,4
2024/4/28 15:35,76.1,26.6,79.88,80.2,26.3,79.34,408.38,0,4
2024/4/28 15:36,76.1,26.6,79.88,80.1,26.3,79.34,408.33,0,3
2024/4/28 15:37,76.2,26.6,79.88,80.1,26.3,79.34,408.26,0,4
2024/4/28 15:38,76.2,26.6,79.88,80.1,26.3,79.34,408.37,0,4
2024/4/28 15:39,76.2,26.6,79.88,80.2,26.3,79.34,408.23,0,4
2024/4/28 15:40,76.2,26.6,79.88,80.1,26.3,79.34,408.11,0,6
2024/4/28 15:41,76.2,26.6,79.88,80.1,26.3,79.34,408.01,0,5
2024/4/28 15:42,76.3,26.6,79.88,80.1,26.3,79.34,408.03,0,4
2024/4/28 15:43,76.3,26.6,79.88,80.1,26.3,79.34,407.95,0,3
2024/4/28 15:44,76.3,26.6,79.88,80.1,26.3,79.34,407.91,0,3
2024/4/28 15:46,76.3,26.6,79.88,80.1,26.3,79.34,407.84,0,3
2024/4/28 15:47,76.5,26.6,79.88,80.1,26.3,79.34,408.22,0,3
2024/4/28 15:48,76.3,26.6,79.88,80.1,26.3,79.34,407.93,0,2
2024/4/28 15:49,76.4,26.6,79.88,80.1,26.3,79.34,407.76,0,4
2024/4/28 15:50,76.5,26.6,79.88,80.1,26.3,79.34,407.67,0,5
2024/4/28 15:51,76.6,26.6,79.88,80.1,26.3,79.34,407.65,0,3
2024/4/28 15:52,76.6,26.6,79.88,80.1,26.3,79.34,407.7,0,4
2024/4/28 15:53,76.5,26.6,79.88,80.1,26.3,79.34,407.52,0,3
2024/4/28 15:54,76.5,26.6,79.88,80.1,26.3,79.34,407.54,0,3
2024/4/28 15:55,76.6,26.6,79.88,80.1,26.3,79.34,407.47,0,4
2024/4/28 15:56,76.6,26.5,79.7,80.1,26.3,79.34,407.23,0,4
2024/4/28 15:57,76.7,26.5,79.7,80.1,26.3,79.34,407.25,0,4
2024/4/28 15:59,76.7,26.5,79.7,80.1,26.3,79.34,407.26,0,3
2024/4/28 16:00,76.8,26.5,79.7,80.1,26.3,79.34,407.32,0,3
2024/4/28 16:01,76.8,26.5,79.7,80.1,26.2,79.16,407.13,0,3
2024/4/28 16:02,76.8,26.5,79.7,80.1,26.3,79.34,407.23,0,3
2024/4/28 16:03,76.8,26.5,79.7,80.1,26.3,79.34,407.08,0,3
2024/4/28 16:04,77.6,26.5,79.7,80.1,26.2,79.16,407.27,0,4
2024/4/28 16:05,78.7,26.5,79.7,80.4,26.3,79.34,407.29,0,4
2024/4/28 16:06,78.9,26.5,79.7,80.5,26.3,79.34,407.66,0,2
2024/4/28 16:07,79,26.5,79.7,80.8,26.3,79.34,407.71,0,2
2024/4/28 16:08,79.2,26.5,79.7,80.9,26.3,79.34,407.94,0,3
2024/4/28 16:10,79.2,26.5,79.7,81,26.3,79.34,399.25,0,2
2024/4/28 16:11,79.2,26.5,79.7,81.7,26.4,79.52,399.71,0,4
2024/4/28 16:12,79.3,26.5,79.7,81.6,26.4,79.52,399.96,0,3
2024/4/28 16:13,79.1,26.5,79.7,81.6,26.4,79.52,400.12,0,4
2024/4/28 16:14,79.1,26.5,79.7,81.3,26.4,79.52,403.68,0,4
2024/4/28 16:15,79.2,26.5,79.7,81.2,26.4,79.52,403.52,0,3
2024/4/28 16:16,79.3,26.5,79.7,81.3,26.4,79.52,422.14,0,2
2024/4/28 16:17,79.4,26.5,79.7,81.3,26.4,79.52,422.21,0,3
2024/4/28 16:18,79.5,26.5,79.7,81.3,26.4,79.52,422.12,0,5
2024/4/28 16:19,79.4,26.5,79.7,81.4,26.4,79.52,422.14,0,4
2024/4/28 16:20,79.4,26.5,79.7,81.4,26.4,79.52,422.14,0,2
2024/4/28 16:22,79.5,26.5,79.7,81.4,26.4,79.52,422.16,0,4
2024/4/28 16:23,79.5,26.5,79.7,81.5,26.4,79.52,422.18,0,4
2024/4/28 16:24,79.4,26.5,79.7,81.5,26.4,79.52,422.2,0,4
2024/4/28 16:25,79.5,26.5,79.7,81.5,26.4,79.52,422.16,0,3
2024/4/28 16:26,79.5,26.5,79.7,81.6,26.4,79.52,422.23,0,5
2024/4/28 16:27,79.4,26.5,79.7,81.6,26.4,79.52,422.27,0,3
2024/4/28 16:28,79.5,26.5,79.7,81.7,26.5,79.7,422.24,0,3
2024/4/28 16:29,79.6,26.5,79.7,81.6,26.5,79.7,422.16,0,5
2024/4/28 16:30,79.5,26.5,79.7,81.6,26.5,79.7,422.29,0,3
2024/4/28 16:31,79.5,26.5,79.7,81.6,26.5,79.7,422.18,0,3
2024/4/28 16:33,79.5,26.5,79.7,81.6,26.5,79.7,422.08,0,5
2024/4/28 16:34,79.5,26.5,79.7,81.7,26.5,79.7,422.14,0,3
2024/4/28 16:35,79.6,26.5,79.7,81.7,26.5,79.7,422.06,0,3
2024/4/28 16:36,79.6,26.5,79.7,81.7,26.5,79.7,421.96,0,3
2024/4/28 16:37,79.5,26.5,79.7,81.6,26.5,79.7,421.98,0,3
2024/4/28 16:38,79.5,26.5,79.7,81.6,26.5,79.7,421.89,0,4
2024/4/28 16:39,79.5,26.5,79.7,81.6,26.5,79.7,421.81,0,3
2024/4/28 16:40,79.4,26.5,79.7,81.6,26.5,79.7,421.82,0,4
2024/4/28 16:41,79.6,26.5,79.7,81.6,26.5,79.7,421.7,0,3
2024/4/28 16:42,79.5,26.5,79.7,81.6,26.5,79.7,421.77,0,3
2024/4/28 16:44,79.5,26.5,79.7,81.6,26.5,79.7,421.68,0,5
2024/4/28 16:45,79.6,26.5,79.7,81.6,26.5,79.7,421.48,0,2
2024/4/28 16:46,79.5,26.5,79.7,81.7,26.5,79.7,421.54,0,4
2024/4/28 16:47,79.5,26.5,79.7,81.6,26.5,79.7,421.57,0,4
2024/4/28 16:48,79.4,26.5,79.7,81.6,26.4,79.52,423.78,0,3
2024/4/28 16:49,79.4,26.5,79.7,81.8,26.4,79.52,423.62,0,5
2024/4/28 16:50,79.6,26.5,79.7,81.7,26.5,79.7,423.41,0,4
2024/4/28 16:51,79.5,26.6,79.88,81.6,26.5,79.7,423.26,0,2
2024/4/28 16:52,79.5,26.6,79.88,81.6,26.5,79.7,423.19,0,2
2024/4/28 16:54,79.5,26.6,79.88,81.6,26.5,79.7,423.23,0,3
2024/4/28 16:55,79.4,26.6,79.88,81.7,26.5,79.7,427.54,0,3
2024/4/28 16:56,79.6,26.6,79.88,82.5,26.5,79.7,425.5,0,3
